Timestamp,LEVEL_OF_LTR_1618
06/16/2026 10:01:00,508179.8483072099
06/16/2026 10:02:00,508139.578605032
06/16/2026 10:03:00,508047.540369808
06/16/2026 10:04:00,507932.49769448803
06/16/2026 10:05:00,507771.432470448
06/16/2026 10:06:00,507679.3874009601
06/16/2026 10:07:00,507690.89303813997
06/16/2026 10:08:00,507587.328690896
06/16/2026 10:09:00,507449.24746006395
06/16/2026 10:10:00,507403.218091056
06/16/2026 10:11:00,507196.1167196479
06/16/2026 10:12:00,507029.28504342993
06/16/2026 10:13:00,507058.0491293919
06/16/2026 10:14:00,506943.00644009595
06/16/2026 10:15:00,506966.0108801919
06/16/2026 10:16:00,506885.4816992799
06/16/2026 10:17:00,506827.92964935995
06/16/2026 10:18:00,506551.77398003195
06/16/2026 10:19:00,506390.70876996784
06/16/2026 10:20:00,506425.22225039994
06/16/2026 10:21:00,506413.7200443279
06/16/2026 10:22:00,506166.36256939
06/16/2026 10:23:00,506298.67736900796
06/16/2026 10:24:00,506160.60977875197
06/16/2026 10:25:00,505993.7780990399
06/16/2026 10:26:00,505976.519639776
06/16/2026 10:27:00,505838.43840894394
06/16/2026 10:28:00,505723.375258784
06/16/2026 10:29:00,505591.04683606
06/16/2026 10:30:00,505654.32782307995
06/16/2026 10:31:00,505516.26020487194
06/16/2026 10:32:00,505447.24007827195
06/16/2026 10:33:00,505263.16356589587
06/16/2026 10:34:00,505194.13660503196
06/16/2026 10:35:00,505015.79932308
06/16/2026 10:36:00,504917.9741293919
06/16/2026 10:37:00,504848.94033426396
06/16/2026 10:38:00,504848.947168528
06/16/2026 10:39:00,504699.36030401
06/16/2026 10:40:00,504664.84338897595
06/16/2026 10:41:00,504549.78705910395
06/16/2026 10:42:00,504440.48351987
06/16/2026 10:43:00,504319.681219648
06/16/2026 10:44:00,504365.69690615195
06/16/2026 10:45:00,504181.63239916
06/16/2026 10:46:00,504112.60030910396
06/16/2026 10:47:00,503893.98304911994
06/16/2026 10:48:00,503836.45147403993
06/16/2026 10:49:00,503882.4740087839
06/16/2026 10:50:00,503767.40402435994
06/16/2026 10:51:00,503663.85332468
06/16/2026 10:52:00,503560.30262499995
06/16/2026 10:53:00,503468.25756948796
06/16/2026 10:54:00,503376.21249999997
06/16/2026 10:55:00,503399.22377436
06/16/2026 10:56:00,503347.44842452
06/16/2026 10:57:00,503307.178718848
06/16/2026 10:58:00,503146.1066884959
06/16/2026 10:59:00,503123.088607824
06/16/2026 11:00:00,502944.71714406996
06/16/2026 11:01:00,502846.926104232
06/16/2026 11:02:00,502777.892309104
06/16/2026 11:03:00,502829.66935003997
06/16/2026 11:04:00,502938.96432548
06/16/2026 11:05:00,502829.66082468
06/16/2026 11:06:00,502800.910389776
06/16/2026 11:07:00,502639.85199999996
06/16/2026 11:08:00,502657.10191294
06/16/2026 11:09:00,502639.85199999996
06/16/2026 11:10:00,502369.46963108995
06/16/2026 11:11:00,502432.75060064
06/16/2026 11:12:00,502202.637954872
06/16/2026 11:13:00,502196.8766004399
06/16/2026 11:14:00,501995.516094648
06/16/2026 11:15:00,501966.7468759999
06/16/2026 11:16:00,501857.4484764399
06/16/2026 11:17:00,501719.38088618394
06/16/2026 11:18:00,501696.3764460879
06/16/2026 11:19:00,501650.35902656
06/16/2026 11:20:00,501650.360745608
06/16/2026 11:21:00,501477.7830990399
06/16/2026 11:22:00,501466.27746884787
06/16/2026 11:23:00,501305.19857628
06/16/2026 11:24:00,501161.34407997
06/16/2026 11:25:00,501259.162414936
06/16/2026 11:26:00,500959.99547124805
06/16/2026 11:27:00,500988.7595572099
06/16/2026 11:28:00,500798.916606632
06/16/2026 11:29:00,500816.17505191994
06/16/2026 11:30:00,500660.8490443281
06/16/2026 11:31:00,500522.795094648
06/16/2026 11:32:00,500499.78723742
06/16/2026 11:33:00,500315.707335864
06/16/2026 11:34:00,500068.30042432
06/16/2026 11:35:00,500039.54484624794
06/16/2026 11:36:00,499970.51105111995
06/16/2026 11:37:00,499866.96036890993
06/16/2026 11:38:00,499786.4209400961
06/16/2026 11:39:00,499579.32806959003
06/16/2026 11:40:00,499533.3106465679
06/16/2026 11:41:00,499579.32806959003
06/16/2026 11:42:00,499372.21132108796
06/16/2026 11:43:00,499188.10073522397
06/16/2026 11:44:00,499090.30458016996
06/16/2026 11:45:00,499073.05804592796
06/16/2026 11:46:00,498981.0130043919
06/16/2026 11:47:00,498773.92527356
06/16/2026 11:48:00,498773.92525958404
06/16/2026 11:49:00,498796.93651996803
06/16/2026 11:50:00,498572.57667532
06/16/2026 11:51:00,498520.79450519197
06/16/2026 11:52:00,498405.724534744
06/16/2026 11:53:00,498336.683919328
06/16/2026 11:54:00,498141.0813543299
06/16/2026 11:55:00,498198.616329072
06/16/2026 11:56:00,498014.519369808
06/16/2026 11:57:00,497945.50604952
06/16/2026 11:58:00,497876.4722543919
06/16/2026 11:59:00,497709.65421875
06/16/2026 12:00:00,497646.36641493597
06/16/2026 12:01:00,497439.23772044794
06/16/2026 12:02:00,497537.04411991
06/16/2026 12:03:00,497462.248980832
06/16/2026 12:04:00,497508.27833586396
06/16/2026 12:05:00,497565.81673822005
06/16/2026 12:06:00,497462.248980832
06/16/2026 12:07:00,497462.25581509597
06/16/2026 12:08:00,497335.68703125
06/16/2026 12:09:00,497209.1250746799
06/16/2026 12:10:00,497048.05303035193
06/16/2026 12:11:00,497025.04175599193
06/16/2026 12:12:00,496846.72320188
06/16/2026 12:13:00,496794.9427508
06/16/2026 12:14:00,496633.850259584
06/16/2026 12:15:00,496564.8232987199
06/16/2026 12:16:00,496415.24494907993
06/16/2026 12:17:00,496380.7058785919
06/16/2026 12:18:00,496380.6990583039
06/16/2026 12:19:00,496271.40748601995
06/16/2026 12:20:00,496150.6068454479
06/16/2026 12:21:00,496058.56177595997
06/16/2026 12:22:00,496041.30333766
06/16/2026 12:23:00,496012.54607548
06/16/2026 12:24:00,495897.469270768
06/16/2026 12:25:00,495690.374705672
06/16/2026 12:26:00,495581.0865505199
06/16/2026 12:27:00,495552.27982028795
06/16/2026 12:28:00,495598.302355032
06/16/2026 12:29:00,495696.13436201995
06/16/2026 12:30:00,495644.352184904
06/16/2026 12:31:00,495667.3498047119
06/16/2026 12:32:00,495644.33172404
06/16/2026 12:33:00,495736.39042012795
06/16/2026 12:34:00,495782.43513128994
06/16/2026 12:35:00,495621.327283944
06/16/2026 12:36:00,495782.46072484
06/16/2026 12:37:00,495805.451510384
06/16/2026 12:38:00,495736.38359983993
06/16/2026 12:39:00,495724.89843749994
06/16/2026 12:40:00,495713.3996345839
06/16/2026 12:41:00,495713.37232547987
06/16/2026 12:42:00,495667.3532183499
06/16/2026 12:43:00,495506.264133784
06/16/2026 12:44:00,495391.20777595986
06/16/2026 12:45:00,495178.37233825994
06/16/2026 12:46:00,495138.11115096
06/16/2026 12:47:00,495046.0660954479
06/16/2026 12:48:00,494977.03230031993
06/16/2026 12:49:00,494931.0097655759
06/16/2026 12:50:00,494954.02103993593
06/16/2026 12:51:00,494884.98723083193
06/16/2026 12:52:00,494746.91111870995
06/16/2026 12:53:00,494723.89473961596
06/16/2026 12:54:00,494700.876658944
06/16/2026 12:55:00,494689.37442491995
06/16/2026 12:56:00,494654.854110224
06/16/2026 12:57:00,494723.8879193279
06/16/2026 12:58:00,494689.37442491995
06/16/2026 12:59:00,494516.7728793919
06/16/2026 13:00:00,494470.7503446479
06/16/2026 13:01:00,494344.19690645
06/16/2026 13:02:00,494378.705289136
06/16/2026 13:03:00,494286.667053912
06/16/2026 13:04:00,494309.678314296
06/16/2026 13:05:00,494142.87390176
06/16/2026 13:06:00,494309.67831429595
06/16/2026 13:07:00,494240.651339456
06/16/2026 13:08:00,494240.64453314396
06/16/2026 13:09:00,494194.64243131195
06/16/2026 13:10:00,494142.8653938699
06/16/2026 13:11:00,494056.568034744
06/16/2026 13:12:00,494171.63117092795
06/16/2026 13:13:00,494102.6041960881
06/16/2026 13:14:00,494056.58167532
06/16/2026 13:15:00,494240.658145768
06/16/2026 13:16:00,494171.62436461594
06/16/2026 13:17:00,494171.62946935
06/16/2026 13:18:00,494171.624364616
06/16/2026 13:19:00,494194.635625
06/16/2026 13:20:00,494315.43283097
06/16/2026 13:21:00,494148.61991054396
06/16/2026 13:22:00,494079.5861293919
06/16/2026 13:23:00,494217.640079072
06/16/2026 13:24:00,494229.14911242
06/16/2026 13:25:00,494263.66259983997
06/16/2026 13:26:00,494240.651339456
06/16/2026 13:27:00,494332.68957468
06/16/2026 13:28:00,494114.10131838993
06/16/2026 13:29:00,494148.61991054396
06/16/2026 13:30:00,494194.635625
06/16/2026 13:31:00,494171.62946935
06/16/2026 13:32:00,494194.635625
06/16/2026 13:33:00,494200.39354483
06/16/2026 13:34:00,494332.68276836805
06/16/2026 13:35:00,494217.64688538393
06/16/2026 13:36:00,494142.85688597994
06/16/2026 13:37:00,494286.667053912
06/16/2026 13:38:00,494240.651339456
06/16/2026 13:39:00,494171.63797723997
06/16/2026 13:40:00,494286.673860224
06/16/2026 13:41:00,494263.6557935279
06/16/2026 13:42:00,494257.9131879
06/16/2026 13:43:00,494194.64243131195
06/16/2026 13:44:00,494286.667053912
06/16/2026 13:45:00,494229.14911242
06/16/2026 13:46:00,494194.635625
06/16/2026 13:47:00,494263.6694061521
06/16/2026 13:48:00,494286.67386022396
06/16/2026 13:49:00,494315.43283097
06/16/2026 13:50:00,494217.64688538393
06/16/2026 13:51:00,494315.42432308
06/16/2026 13:52:00,494378.712095448
06/16/2026 13:53:00,494378.71209544793
06/16/2026 13:54:00,494372.95247404
06/16/2026 13:55:00,494424.72780990397
06/16/2026 13:56:00,494309.678314296
06/16/2026 13:57:00,494355.694028752
06/16/2026 13:58:00,494315.43283097
06/16/2026 13:59:00,494263.6557935279
06/16/2026 14:00:00,494315.42432308
06/16/2026 14:01:00,494355.694028752
06/16/2026 14:02:00,494355.694028752
06/16/2026 14:03:00,494309.678314296
06/16/2026 14:04:00,494315.4328309699
06/16/2026 14:05:00,494309.685120608
06/16/2026 14:06:00,494194.64243131195
06/16/2026 14:07:00,494240.651339456
06/16/2026 14:08:00,494114.10982628
06/16/2026 14:09:00,494125.61545647203
06/16/2026 14:10:00,494079.592935704
06/16/2026 14:11:00,493941.51683056995
06/16/2026 14:12:00,493826.44856868795
06/16/2026 14:13:00,493734.3898586239
06/16/2026 14:14:00,493665.35606349603
06/16/2026 14:15:00,493619.33350079996
06/16/2026 14:16:00,493510.02998253
06/16/2026 14:17:00,493481.2659245199
06/16/2026 14:18:00,493458.26147044793
06/16/2026 14:19:00,493452.5018490399
06/16/2026 14:20:00,493366.21641493595
06/16/2026 14:21:00,493343.2051545519
06/16/2026 14:22:00,493251.16179362993
06/16/2026 14:23:00,493136.13105032005
06/16/2026 14:24:00,493021.0747344239
06/16/2026 14:25:00,492906.00473602396
06/16/2026 14:26:00,492721.8804816319
06/16/2026 14:27:00,492819.67494558997
06/16/2026 14:28:00,492698.86922124797
06/16/2026 14:29:00,492836.96410663205
06/16/2026 14:30:00,492767.9234912159
06/16/2026 14:31:00,492721.8804816319
06/16/2026 14:32:00,492560.81529952
06/16/2026 14:33:00,492445.7589975999
06/16/2026 14:34:00,492307.6913654159
06/16/2026 14:35:00,492359.4667362199
06/16/2026 14:36:00,492100.576339456
06/16/2026 14:37:00,492169.62377515994
06/16/2026 14:38:00,492100.57632548
06/16/2026 14:39:00,492008.531255992
06/16/2026 14:40:00,492014.28065744997
06/16/2026 14:41:00,492008.51762939204
06/16/2026 14:42:00,491916.46572564
06/16/2026 14:43:00,491778.4186241999
06/16/2026 14:44:00,491669.12022464
06/16/2026 14:45:00,491364.22948003194
06/16/2026 14:46:00,491226.1618758
06/16/2026 14:47:00,490950.00109475
06/16/2026 14:48:00,490811.924989616
06/16/2026 14:49:00,490604.837244808
06/16/2026 14:50:00,490351.72013099195
06/16/2026 14:51:00,490144.60680660995
06/16/2026 14:52:00,489914.485625
06/16/2026 14:53:00,489799.4293056099
06/16/2026 14:54:00,489655.60889326996
06/16/2026 14:55:00,489540.5696246
06/16/2026 14:56:00,489385.2606397759
06/16/2026 14:57:00,489281.70992612
06/16/2026 14:58:00,489109.0776753199
06/16/2026 14:59:00,488809.93805471197
06/16/2026 15:00:00,488792.6864192299
06/16/2026 15:01:00,488687.21812499996
06/16/2026 15:02:00,488648.86602436006
06/16/2026 15:03:00,488447.50891822996
06/16/2026 15:04:00,488211.62467012805
06/16/2026 15:05:00,488073.55879891996
06/16/2026 15:06:00,487866.4829896159
06/16/2026 15:07:00,487843.47170128004
06/16/2026 15:08:00,487642.12315545
06/16/2026 15:09:00,487590.34779512795
06/16/2026 15:10:00,487325.70118709997
06/16/2026 15:11:00,487239.40041783004
06/16/2026 15:12:00,487153.09964855993
06/16/2026 15:13:00,486922.9983419866
06/16/2026 15:14:00,486692.89480391203
06/16/2026 15:15:00,486623.860994808
06/16/2026 15:16:00,486347.71385084
06/16/2026 15:17:00,486194.2968763333
06/16/2026 15:18:00,485956.52064936
06/16/2026 15:19:00,485726.42847843195
06/16/2026 15:20:00,485542.32810553006
06/16/2026 15:21:00,485496.29534384795
06/16/2026 15:22:00,485174.13078035193
06/16/2026 15:23:00,485082.08572484
06/16/2026 15:24:00,484782.9324357039
06/16/2026 15:25:00,484736.89966354
06/16/2026 15:26:00,484593.0707433099
06/16/2026 15:27:00,484391.71360223996
06/16/2026 15:28:00,484219.14620007994
06/16/2026 15:29:00,484161.62144528795
06/16/2026 15:30:00,484000.55623522407
06/16/2026 15:31:00,484046.57877462666
06/16/2026 15:32:00,484000.55624919996
06/16/2026 15:33:00,483862.488644968
06/16/2026 15:34:00,483643.86455072
06/16/2026 15:35:00,483701.40975239995
06/16/2026 15:36:00,483586.33069289336
06/16/2026 15:37:00,483609.337429712
06/16/2026 15:38:00,483632.362316696
06/16/2026 15:39:00,483379.22476996796
06/16/2026 15:40:00,483356.20667532
06/16/2026 15:41:00,483298.67852435994
06/16/2026 15:42:00,483195.14829952
06/16/2026 15:43:00,482942.038019968
06/16/2026 15:44:00,482780.9421116199
06/16/2026 15:45:00,482573.823640576
06/16/2026 15:46:00,482274.6771996799
06/16/2026 15:47:00,482148.123751
06/16/2026 15:48:00,482159.6208698079
06/16/2026 15:49:00,482182.63213019195
06/16/2026 15:50:00,482205.64339057606
06/16/2026 15:51:00,482274.67719967995
06/16/2026 15:52:00,482263.17157996993
06/16/2026 15:53:00,482067.58263458393
06/16/2026 15:54:00,481998.5420191679
06/16/2026 15:55:00,481860.49715854664
06/16/2026 15:56:00,481668.72521832
06/16/2026 15:57:00,481515.30542531994
06/16/2026 15:58:00,481457.77727435995
06/16/2026 15:59:00,481308.204039936
06/16/2026 16:00:00,481239.170230832
06/16/2026 16:01:00,480997.54345396993
06/16/2026 16:02:00,480916.9852483999
06/16/2026 16:03:00,480767.40518669994
06/16/2026 16:04:00,480548.80498442403
06/16/2026 16:05:00,480479.78710796003
06/16/2026 16:06:00,480278.44990016
06/16/2026 16:07:00,480307.21397563996
06/16/2026 16:08:00,480088.6069600639
06/16/2026 16:09:00,479962.02794928
06/16/2026 16:10:00,479904.489553912
06/16/2026 16:11:00,479812.43766413594
06/16/2026 16:12:00,479731.89822484
06/16/2026 16:13:00,479490.300409744
06/16/2026 16:14:00,479530.55815195997
06/16/2026 16:15:00,479444.27787499997
06/16/2026 16:16:00,479306.223939296
06/16/2026 16:17:00,478984.032108624
06/16/2026 16:18:00,479076.07035782404
06/16/2026 16:19:00,478840.2116927899
06/16/2026 16:20:00,478546.8180355439
06/16/2026 16:21:00,478523.80677515996
06/16/2026 16:22:00,478380.0034484799
06/16/2026 16:23:00,478255.3761488266
06/16/2026 16:24:00,478121.10961362
06/16/2026 16:25:00,477902.50942531996
06/16/2026 16:26:00,477632.12022563996
06/16/2026 16:27:00,477526.6519488799
06/16/2026 16:28:00,477281.177960064
06/16/2026 16:29:00,477028.047205672
06/16/2026 16:30:00,476843.97073522396
06/16/2026 16:31:00,476567.84922324
06/16/2026 16:32:00,476406.770344648
06/16/2026 16:33:00,476222.6529105439
06/16/2026 16:34:00,475923.506483624
06/16/2026 16:35:00,475785.452519968
06/16/2026 16:36:00,475733.68229932
06/16/2026 16:37:00,475601.3760495199
06/16/2026 16:38:00,475302.181810704
06/16/2026 16:39:00,475158.37507387996
06/16/2026 16:40:00,474934.0152152559
06/16/2026 16:41:00,474611.8575
06/16/2026 16:42:00,474381.72779303
06/16/2026 16:43:00,474220.645528752
06/16/2026 16:44:00,474122.85106129997
06/16/2026 16:45:00,473783.4450962479
06/16/2026 16:46:00,473547.56086911
06/16/2026 16:47:00,473392.226304712
06/16/2026 16:48:00,473144.8722504
06/16/2026 16:49:00,473024.0801561519
06/16/2026 16:50:00,472816.978770768
06/16/2026 16:51:00,472678.9043742
06/16/2026 16:52:00,472448.76443330396
06/16/2026 16:53:00,472195.64902456
06/16/2026 16:54:00,472080.6046301919
06/16/2026 16:55:00,471827.46705551195
06/16/2026 16:56:00,471534.0580630999
06/16/2026 16:57:00,471298.20113458403
06/16/2026 16:58:00,471073.84981879
06/16/2026 16:59:00,470901.2823991599
06/16/2026 17:00:00,470843.7201118199
06/16/2026 17:01:00,470538.81570567196
06/16/2026 17:02:00,470297.21106329997
06/16/2026 17:03:00,469986.53851038404
06/16/2026 17:04:00,469664.367140576
06/16/2026 17:05:00,469290.46821186005
06/16/2026 17:06:00,469060.34701278
06/16/2026 17:07:00,468651.88510064
06/16/2026 17:08:00,468559.8263905759
06/16/2026 17:09:00,468191.6597811521
06/16/2026 17:10:00,467846.47716493596
06/16/2026 17:11:00,467593.35325528996
06/16/2026 17:12:00,467432.274394168
06/16/2026 17:13:00,467156.13919968
06/16/2026 17:14:00,466787.9418989599
06/16/2026 17:15:00,466557.846289936
06/16/2026 17:16:00,466281.70427516
06/16/2026 17:17:00,466020.8940162399
06/16/2026 17:18:00,465809.9545801699
06/16/2026 17:19:00,465545.336954872
06/16/2026 17:20:00,465177.14989855996
06/16/2026 17:21:00,465090.8525184699
06/16/2026 17:22:00,464808.9559800319
06/16/2026 17:23:00,464624.87950958393
06/16/2026 17:24:00,464463.800644968
06/16/2026 17:25:00,464256.68561201997
06/16/2026 17:26:00,464055.3370487199
06/16/2026 17:27:00,463911.51662473334
06/16/2026 17:28:00,463480.05539936
06/16/2026 17:29:00,463393.75461262005
06/16/2026 17:30:00,463067.75885716
06/16/2026 17:31:00,462852.998414136
06/16/2026 17:32:00,462668.89464856
06/16/2026 17:33:00,462415.7758191899
06/16/2026 17:34:00,462262.34179978666
06/16/2026 17:35:00,462013.08720047993
06/16/2026 17:36:00,461763.77576544
06/16/2026 17:37:00,461495.31325519196
06/16/2026 17:38:00,461265.18694438995
06/16/2026 17:39:00,461035.0828484399
06/16/2026 17:40:00,460689.912153752
06/16/2026 17:41:00,460315.97224390996
06/16/2026 17:42:00,459961.2152489333
06/16/2026 17:43:00,459616.04624999996
06/16/2026 17:44:00,459309.229375
06/16/2026 17:45:00,458964.04903221334
06/16/2026 17:46:00,458705.16658196994
06/16/2026 17:47:00,458342.742560704
06/16/2026 17:48:00,458158.659269968
06/16/2026 17:49:00,458043.58247923193
06/16/2026 17:50:00,457813.4629759067
06/16/2026 17:51:00,457554.58625
06/16/2026 17:52:00,457238.19840055995
06/16/2026 17:53:00,457266.97100140003
06/16/2026 17:54:00,457151.90615664993
06/16/2026 17:55:00,456806.72009535
06/16/2026 17:56:00,456931.36445154663
06/16/2026 17:57:00,456931.36447484
06/16/2026 17:58:00,456969.7165987733
06/16/2026 17:59:00,456931.36447484
06/16/2026 18:00:00,456950.54054263
06/16/2026 18:01:00,456893.01235673006
06/16/2026 18:02:00,456921.77643221
06/16/2026 18:03:00,457031.079964456
06/16/2026 18:04:00,456893.01233925996
06/16/2026 18:05:00,456962.0461553519
06/16/2026 18:06:00,457054.09804512793
06/16/2026 18:07:00,456931.36445154663
06/16/2026 18:08:00,456893.0123742
06/16/2026 18:09:00,456893.0123742
06/16/2026 18:10:00,456962.05297564
06/16/2026 18:11:00,456939.034894968
06/16/2026 18:12:00,456662.89970048
06/16/2026 18:13:00,456662.89970048
06/16/2026 18:14:00,456404.02295128
06/16/2026 18:15:00,456202.67442292
06/16/2026 18:16:00,456087.61806859
06/16/2026 18:17:00,455780.7898089733
06/16/2026 18:18:00,455780.7898089733
06/16/2026 18:19:00,455627.39273862
06/16/2026 18:20:00,455282.2123841866
06/16/2026 18:21:00,455195.93151907
06/16/2026 18:22:00,454960.05922044796
06/16/2026 18:23:00,454678.16096995
06/16/2026 18:24:00,454660.89911102405
06/16/2026 18:25:00,454285.03480031993
06/16/2026 18:26:00,454131.646844648
06/16/2026 18:27:00,453939.86580138665
06/16/2026 18:28:00,453671.41241746664
06/16/2026 18:29:00,453479.66325812
06/16/2026 18:30:00,453326.2320746799
06/16/2026 18:31:00,453096.1194242533
06/16/2026 18:32:00,452866.006741216
06/16/2026 18:33:00,452589.871560704
06/16/2026 18:34:00,452434.54552516
06/16/2026 18:35:00,452198.65276916797
06/16/2026 18:36:00,452060.6039312099
06/16/2026 18:37:00,451784.47044528794
06/16/2026 18:38:00,451677.0913744666
06/16/2026 18:39:00,451416.29020926397
06/16/2026 18:40:00,451293.5475406
06/16/2026 18:41:00,451048.089484424
06/16/2026 18:42:00,450833.3222164533
06/16/2026 18:43:00,450679.9109429899
06/16/2026 18:44:00,450478.56236222
06/16/2026 18:45:00,450219.6770993066
06/16/2026 18:46:00,450018.3285243599
06/16/2026 18:47:00,449759.4603179899
06/16/2026 18:48:00,449713.42925439193
06/16/2026 18:49:00,449721.11104166665
06/16/2026 18:50:00,449529.33912473335
06/16/2026 18:51:00,449368.26026477595
06/16/2026 18:52:00,449207.1814001599
06/16/2026 18:53:00,449069.11378893995
06/16/2026 18:54:00,448877.35325079993
06/16/2026 18:55:00,448954.05745207996
06/16/2026 18:56:00,448839.00115016
06/16/2026 18:57:00,448885.02367092797
06/16/2026 18:58:00,448839.00115016
06/16/2026 18:59:00,448877.35325079993
06/16/2026 19:00:00,448839.00115016
06/16/2026 19:01:00,448885.02367092797
06/16/2026 19:02:00,448896.52930111997
06/16/2026 19:03:00,448792.9786154159
06/16/2026 19:04:00,448908.0349452879
06/16/2026 19:05:00,448954.05746605597
06/16/2026 19:06:00,448954.05745207996
06/16/2026 19:07:00,448977.06875439204
06/16/2026 19:08:00,448885.02367092797
06/16/2026 19:09:00,448885.02367092797
06/16/2026 19:10:00,448931.04619169596
06/16/2026 19:11:00,448839.00115016
06/16/2026 19:12:00,448896.52931859
06/16/2026 19:13:00,448885.023684904
06/16/2026 19:14:00,448810.2370746799
06/16/2026 19:15:00,448896.52930111997
06/16/2026 19:16:00,448839.00115016
06/16/2026 19:17:00,448839.00115016
06/16/2026 19:18:00,448608.8884764399
06/16/2026 19:19:00,448839.00115016
06/16/2026 19:20:00,448762.2969488799
06/16/2026 19:21:00,448769.9673550319
06/16/2026 19:22:00,448752.7089062499
06/16/2026 19:23:00,448723.9448202879
06/16/2026 19:24:00,448695.18073781993
06/16/2026 19:25:00,448915.70535144
06/16/2026 19:26:00,448896.52931859
06/16/2026 19:27:00,448800.64904951997
06/16/2026 19:28:00,448752.70890624996
06/16/2026 19:29:00,448792.9786154159
06/16/2026 19:30:00,448608.8884764399
06/16/2026 19:31:00,448723.94482494664
06/16/2026 19:32:00,448781.47298173
06/16/2026 19:33:00,448810.23705720995
06/16/2026 19:34:00,448685.5927243066
06/16/2026 19:35:00,448677.9154792319
06/16/2026 19:36:00,448666.41666234
06/16/2026 19:37:00,448647.22925652
06/16/2026 19:38:00,448700.93355990393
06/16/2026 19:39:00,448631.8929444879
06/16/2026 19:40:00,448378.75024411
06/16/2026 19:41:00,448234.94689996
06/16/2026 19:42:00,448263.70245007996
06/16/2026 19:43:00,448378.75024410995
06/16/2026 19:44:00,448332.732821088
06/16/2026 19:45:00,448263.70245007996
06/16/2026 19:46:00,447976.07016823
06/16/2026 19:47:00,447947.30607528
06/16/2026 19:48:00,447832.24977336
06/16/2026 19:49:00,447596.358694488
06/16/2026 19:50:00,447429.5270007999
06/16/2026 19:51:00,447285.72365664993
06/16/2026 19:52:00,447170.6502865399
06/16/2026 19:53:00,446767.953125
06/16/2026 19:54:00,446624.13273012993
06/16/2026 19:55:00,446514.829190896
06/16/2026 19:56:00,446399.779695288
06/16/2026 19:57:00,445991.33142023
06/16/2026 19:58:00,445924.2067245734
06/16/2026 19:59:00,445686.4236353839
06/16/2026 20:00:00,445559.86167531996
06/16/2026 20:01:00,445249.20960423205
06/16/2026 20:02:00,445157.16454872
06/16/2026 20:03:00,444950.063135384
06/16/2026 20:04:00,444719.923180512
06/16/2026 20:05:00,444558.857984424
06/16/2026 20:06:00,444374.7815
06/16/2026 20:07:00,444064.11233277
06/16/2026 20:08:00,443968.22636847995
06/16/2026 20:09:00,443753.45003474405
06/16/2026 20:10:00,443661.4095400666
06/16/2026 20:11:00,443362.2653306719
06/16/2026 20:12:00,443247.1953462479
06/16/2026 20:13:00,442999.82426218
06/16/2026 20:14:00,442740.94751297997
06/16/2026 20:15:00,442568.36304263
06/16/2026 20:16:00,442349.756009584
06/16/2026 20:17:00,442088.9616506933
06/16/2026 20:18:00,441964.31730032
06/16/2026 20:19:00,441751.46309984004
06/16/2026 20:20:00,441475.3278774
06/16/2026 20:21:00,441360.27157548
06/16/2026 20:22:00,441273.9793490401
06/16/2026 20:23:00,441015.0855491199
06/16/2026 20:24:00,440946.05516413593
06/16/2026 20:25:00,440727.46177516005
06/16/2026 20:26:00,440439.79537440004
06/16/2026 20:27:00,440248.03766639996
06/16/2026 20:28:00,439902.88003461336
06/16/2026 20:29:00,439749.469330672
06/16/2026 20:30:00,439404.28841254
06/16/2026 20:31:00,439059.11091153993
06/16/2026 20:32:00,438828.99825878395
06/16/2026 20:33:00,438644.908105832
06/16/2026 20:34:00,438322.7504045519
06/16/2026 20:35:00,438224.95249551005
06/16/2026 20:36:00,437931.558908144
06/16/2026 20:37:00,437793.49127596006
06/16/2026 20:38:00,437525.01513445337
06/16/2026 20:39:00,437425.27692452003
06/16/2026 20:40:00,437141.50542531995
06/16/2026 20:41:00,436873.02360024
06/16/2026 20:42:00,436642.89391074004
06/16/2026 20:43:00,436556.60164936
06/16/2026 20:44:00,436336.08836794656
06/16/2026 20:45:00,436268.96935003996
06/16/2026 20:46:00,435779.9714192299
06/16/2026 20:47:00,435837.49959464796
06/16/2026 20:48:00,435492.33057707996
06/16/2026 20:49:00,435216.19542451994
06/16/2026 20:50:00,435055.116559904
06/16/2026 20:51:00,434940.06024400797
06/16/2026 20:52:00,434663.911408944
06/16/2026 20:53:00,434387.7898410559
06/16/2026 20:54:00,434197.94691843
06/16/2026 20:55:00,433927.55772923195
06/16/2026 20:56:00,433789.47648442397
06/16/2026 20:57:00,433628.3907995199
06/16/2026 20:58:00,433248.71514975996
06/16/2026 20:59:00,433145.174680512
06/16/2026 21:00:00,432822.99649041594
06/16/2026 21:01:00,432638.89955910406
06/16/2026 21:02:00,432472.08491962997
06/16/2026 21:03:00,432247.70804872
06/16/2026 21:04:00,432017.5953889759
06/16/2026 21:05:00,431896.78625448997
06/16/2026 21:06:00,431557.37005551194
06/16/2026 21:07:00,431396.29119089595
06/16/2026 21:08:00,431235.20553394395
06/16/2026 21:09:00,431091.38340605
06/16/2026 21:10:00,431189.18298522395
06/16/2026 21:11:00,431148.92009984
06/16/2026 21:12:00,431097.14475
06/16/2026 21:13:00,431120.149190096
06/16/2026 21:14:00,431350.2686841039
06/16/2026 21:15:00,431177.67563248996
06/16/2026 21:16:00,431097.137929712
06/16/2026 21:17:00,431166.178545128
06/16/2026 21:18:00,431189.189805512
06/16/2026 21:19:00,431189.1898055119
06/16/2026 21:20:00,431148.92009984
06/16/2026 21:21:00,431097.137929712
06/16/2026 21:22:00,431097.13109544804
06/16/2026 21:23:00,431097.137929712
06/16/2026 21:24:00,431143.1604504799
06/16/2026 21:25:00,431212.19424560794
06/16/2026 21:26:00,431189.1898055119
06/16/2026 21:27:00,431177.6841753199
06/16/2026 21:28:00,431166.1717248399
06/16/2026 21:29:00,431074.119835064
06/16/2026 21:30:00,431143.160464456
06/16/2026 21:31:00,431062.6193130999
06/16/2026 21:32:00,431051.11539496796
06/16/2026 21:33:00,431120.149190096
06/16/2026 21:34:00,431051.122215256
06/16/2026 21:35:00,431120.13893869997
06/16/2026 21:36:00,431028.09730032005
06/16/2026 21:37:00,430936.05223083193
06/16/2026 21:38:00,431005.0996875
06/16/2026 21:39:00,431074.12665535195
06/16/2026 21:40:00,431051.1085607039
06/16/2026 21:41:00,431051.11539496796
06/16/2026 21:42:00,431091.37486322003
06/16/2026 21:43:00,431005.0996805119
06/16/2026 21:44:00,431051.11539496796
06/16/2026 21:45:00,431033.8381694299
06/16/2026 21:46:00,431051.11539496796
06/16/2026 21:47:00,431028.09730031993
06/16/2026 21:48:00,431028.104120608
06/16/2026 21:49:00,431148.92009984
06/16/2026 21:50:00,431074.12666932796
06/16/2026 21:51:00,431033.83816943003
06/16/2026 21:52:00,431051.1085607039
06/16/2026 21:53:00,431051.101740416
06/16/2026 21:54:00,431120.15602436
06/16/2026 21:55:00,431051.1017404159
06/16/2026 21:56:00,431051.11539496796
06/16/2026 21:57:00,431051.11539496796
06/16/2026 21:58:00,430947.55445088
06/16/2026 21:59:00,431005.07920567197
06/16/2026 22:00:00,431051.108560704
06/16/2026 22:01:00,431120.149190096
06/16/2026 22:02:00,431091.38340605
06/16/2026 22:03:00,430982.06111102394
06/16/2026 22:04:00,430867.018435704
06/16/2026 22:05:00,430890.043364616
06/16/2026 22:06:00,430797.99829512805
06/16/2026 22:07:00,430774.98704871995
06/16/2026 22:08:00,430636.91944448795
06/16/2026 22:09:00,430314.76170127996
06/16/2026 22:10:00,430199.698565096
06/16/2026 22:11:00,429923.56338458403
06/16/2026 22:12:00,429681.95191843
06/16/2026 22:13:00,429532.36502596
06/16/2026 22:14:00,429210.20049041597
06/16/2026 22:15:00,429095.130519968
06/16/2026 22:16:00,428957.062915736
06/16/2026 22:17:00,428675.18345596996
06/16/2026 22:18:00,428381.781308304
06/16/2026 22:19:00,428082.634811504
06/16/2026 22:20:00,427841.01654952
06/16/2026 22:21:00,427576.38015096006
06/16/2026 22:22:00,427346.24704432796
06/16/2026 22:23:00,427121.91448782
06/16/2026 22:24:00,426909.05346006394
06/16/2026 22:25:00,426724.96334903996
06/16/2026 22:26:00,426402.78686750995
06/16/2026 22:27:00,426172.692946088
06/16/2026 22:28:00,425804.49224919995
06/16/2026 22:29:00,425511.10886082
06/16/2026 22:30:00,425114.1611042319
06/16/2026 22:31:00,424838.01908945595
06/16/2026 22:32:00,424504.34890625
06/16/2026 22:33:00,424285.741894168
06/16/2026 22:34:00,423986.5954253199
06/16/2026 22:35:00,423549.3677535919
06/16/2026 22:36:00,423411.31379343
06/16/2026 22:37:00,423020.12229352794
06/16/2026 22:38:00,422697.9440615039
06/16/2026 22:39:00,422347.04275609
06/16/2026 22:40:00,421984.59484984
06/16/2026 22:41:00,421800.504710864
06/16/2026 22:42:00,421397.7939366999
06/16/2026 22:43:00,421225.223061504
06/16/2026 22:44:00,420995.096761184
06/16/2026 22:45:00,420851.2763802899
06/16/2026 22:46:00,420557.8827440079
06/16/2026 22:47:00,420258.729440896
06/16/2026 22:48:00,420017.10091354
06/16/2026 22:49:00,419683.4546258
06/16/2026 22:50:00,419470.58339206997
06/16/2026 22:51:00,419292.23583426396
06/16/2026 22:52:00,418866.52059903997
06/16/2026 22:53:00,418647.9408646159
06/16/2026 22:54:00,418417.814564296
06/16/2026 22:55:00,418233.72784943995
06/16/2026 22:56:00,417773.4922855439
06/16/2026 22:57:00,417485.86169479
06/16/2026 22:58:00,417267.23762499995
06/16/2026 22:59:00,417014.113704872
06/16/2026 23:00:00,416651.6862804499
06/16/2026 23:01:00,416323.775739616
06/16/2026 23:02:00,416105.1601812099
06/16/2026 23:03:00,415748.48043570394
06/16/2026 23:04:00,415449.32717452
06/16/2026 23:05:00,415127.16431958997
06/16/2026 23:06:00,414943.099795128
06/16/2026 23:07:00,414689.94857987197
06/16/2026 23:08:00,414609.41939895996
06/16/2026 23:09:00,414505.878943688
06/16/2026 23:10:00,414229.71642612
06/16/2026 23:11:00,414149.18552616
06/16/2026 23:12:00,413907.56554512796
06/16/2026 23:13:00,413746.47986022395
06/16/2026 23:14:00,413602.65944439
06/16/2026 23:15:00,413424.32214496797
06/16/2026 23:16:00,413458.83904952003
06/16/2026 23:17:00,413493.35594009596
06/16/2026 23:18:00,413545.13127596
06/16/2026 23:19:00,413401.31088458403
06/16/2026 23:20:00,413458.83904952003
06/16/2026 23:21:00,413447.33340535196
06/16/2026 23:22:00,413430.0749740401
06/16/2026 23:23:00,413401.3108845841
06/16/2026 23:24:00,413309.26580112
06/16/2026 23:25:00,413343.78271266
06/16/2026 23:26:00,413424.32214496797
06/16/2026 23:27:00,413401.310870608
06/16/2026 23:28:00,413401.31089856
06/16/2026 23:29:00,413401.310870608
06/16/2026 23:30:00,413343.78271266
06/16/2026 23:31:00,413332.27707548003
06/16/2026 23:32:00,413309.265815096
06/16/2026 23:33:00,413372.54680561007
06/16/2026 23:34:00,413424.32214496797
06/16/2026 23:35:00,413424.32213099196
06/16/2026 23:36:00,413447.3334193281
06/16/2026 23:37:00,413487.60312499997
06/16/2026 23:38:00,413424.32214496797
06/16/2026 23:39:00,413401.310884584
06/16/2026 23:40:00,413424.32214496797
06/16/2026 23:41:00,413516.36720047996
06/16/2026 23:42:00,413424.3221589441
06/16/2026 23:43:00,413424.32214496797
06/16/2026 23:44:00,413372.54680560995
06/16/2026 23:45:00,413401.31087060797
06/16/2026 23:46:00,413470.34467971197
06/16/2026 23:47:00,413401.31089856
06/16/2026 23:48:00,413430.0749740401
06/16/2026 23:49:00,413493.35594009596
06/16/2026 23:50:00,413493.35594009596
06/16/2026 23:51:00,413401.31088109
06/16/2026 23:52:00,413447.3334193281
06/16/2026 23:53:00,413424.322144968
06/16/2026 23:54:00,413458.83904952003
06/16/2026 23:55:00,413424.322144968
06/16/2026 23:56:00,413430.0749740399
06/16/2026 23:57:00,413401.31088458403
06/16/2026 23:58:00,413447.3334193279
06/16/2026 23:59:00,413378.2996242
06/17/2026 00:00:00,413401.31088109
06/17/2026 00:01:00,413470.34467971197
06/17/2026 00:02:00,413401.31086361996
06/17/2026 00:03:00,413424.32214496797
06/17/2026 00:04:00,413401.31088458403
06/17/2026 00:05:00,413378.29962420004
06/17/2026 00:06:00,413401.31088109
06/17/2026 00:07:00,413447.3334193279
06/17/2026 00:08:00,413458.83904952003
06/17/2026 00:09:00,413355.28833586397
06/17/2026 00:10:00,413430.0749740399
06/17/2026 00:11:00,413378.29962420004
06/17/2026 00:12:00,413343.78273012995
06/17/2026 00:13:00,413401.31088458403
06/17/2026 00:14:00,413332.27708945604
06/17/2026 00:15:00,413378.2996102241
06/17/2026 00:16:00,413372.54680561007
06/17/2026 00:17:00,413447.3334193281
06/17/2026 00:18:00,413309.26580112
06/17/2026 00:19:00,413343.78273012995
06/17/2026 00:20:00,413401.31089856
06/17/2026 00:21:00,413424.32214496797
06/17/2026 00:22:00,413487.60312499997
06/17/2026 00:23:00,413401.31087060797
06/17/2026 00:24:00,413401.31089856
06/17/2026 00:25:00,413401.31088109
06/17/2026 00:26:00,413286.254554712
06/17/2026 00:27:00,413372.54678813997
06/17/2026 00:28:00,413424.32214496797
06/17/2026 00:29:00,413378.2996102239
06/17/2026 00:30:00,413401.31088109
06/17/2026 00:31:00,413401.31089856
06/17/2026 00:32:00,413315.01863718
06/17/2026 00:33:00,413286.25454073603
06/17/2026 00:34:00,413332.277089456
06/17/2026 00:35:00,413424.3221589441
06/17/2026 00:36:00,413401.31089856
06/17/2026 00:37:00,413372.54680561007
06/17/2026 00:38:00,413401.31088458403
06/17/2026 00:39:00,413430.0749391
06/17/2026 00:40:00,413424.322158944
06/17/2026 00:41:00,413286.254554712
06/17/2026 00:42:00,413401.31088109
06/17/2026 00:43:00,413378.299610224
06/17/2026 00:44:00,413401.31089856
06/17/2026 00:45:00,413430.07495656994
06/17/2026 00:46:00,413378.29962420004
06/17/2026 00:47:00,413458.83903204993
06/17/2026 00:48:00,413378.2996242
06/17/2026 00:49:00,413378.299596248
06/17/2026 00:50:00,413378.299610224
06/17/2026 00:51:00,413401.31088109
06/17/2026 00:52:00,413286.25454073603
06/17/2026 00:53:00,413171.19822484
06/17/2026 00:54:00,413102.16441573604
06/17/2026 00:55:00,412912.32149311004
06/17/2026 00:56:00,412641.92546964803
06/17/2026 00:57:00,412480.846605032
06/17/2026 00:58:00,412181.706984424
06/17/2026 00:59:00,411819.28634535
06/17/2026 01:00:00,411445.33281589596
06/17/2026 01:01:00,411215.2338386559
06/17/2026 01:02:00,410841.27346794994
06/17/2026 01:03:00,410662.9361266
06/17/2026 01:04:00,410467.34039936
06/17/2026 01:05:00,410363.81018849596
06/17/2026 01:06:00,410323.52852985
06/17/2026 01:07:00,410225.728943688
06/17/2026 01:08:00,410041.6319984
06/17/2026 01:09:00,409920.82284294994
06/17/2026 01:10:00,409742.485515576
06/17/2026 01:11:00,409397.3165539119
06/17/2026 01:12:00,409403.06936201995
06/17/2026 01:13:00,409098.16329272796
06/17/2026 01:14:00,408914.052678912
06/17/2026 01:15:00,408856.52622952993
06/17/2026 01:16:00,408729.976180512
06/17/2026 01:17:00,408626.43914936
06/17/2026 01:18:00,408545.899710064
06/17/2026 01:19:00,408223.7334799299
06/17/2026 01:20:00,408085.66757028794
06/17/2026 01:21:00,407901.55016413593
06/17/2026 01:22:00,407648.46037339995
06/17/2026 01:23:00,407418.32722484
06/17/2026 01:24:00,407332.02984475
06/17/2026 01:25:00,407096.155855032
06/17/2026 01:26:00,406871.79602436
06/17/2026 01:27:00,406612.91928913596
06/17/2026 01:28:00,406336.784080672
06/17/2026 01:29:00,406152.69398012996
06/17/2026 01:30:00,405830.536240416
06/17/2026 01:31:00,405508.37852515996
06/17/2026 01:32:00,405347.29113168997
06/17/2026 01:33:00,404956.101329872
06/17/2026 01:34:00,404656.95486102405
06/17/2026 01:35:00,404484.36867511994
06/17/2026 01:36:00,404288.75415016
06/17/2026 01:37:00,404081.65277875203
06/17/2026 01:38:00,403880.31442491995
06/17/2026 01:39:00,403690.461240416
06/17/2026 01:40:00,403460.3417603839
06/17/2026 01:41:00,403362.54391073994
06/17/2026 01:42:00,403161.19531948795
06/17/2026 01:43:00,403000.116468848
06/17/2026 01:44:00,402758.49816842994
06/17/2026 01:45:00,402562.90242372005
06/17/2026 01:46:00,402194.72215974395
06/17/2026 01:47:00,402154.45246106
06/17/2026 01:48:00,402010.63204871997
06/17/2026 01:49:00,401838.04752596
06/17/2026 01:50:00,401780.519375
06/17/2026 01:51:00,401665.44940455194
06/17/2026 01:52:00,401579.14521815
06/17/2026 01:53:00,401366.29612939194
06/17/2026 01:54:00,401118.91990565
06/17/2026 01:55:00,400952.09334464796
06/17/2026 01:56:00,400606.91754871997
06/17/2026 01:57:00,400284.766639776
06/17/2026 01:58:00,400077.66524041595
06/17/2026 01:59:00,399651.94319887995
06/17/2026 02:00:00,399433.3361553519
06/17/2026 02:01:00,399295.26856509596
06/17/2026 02:02:00,398846.54887580004
06/17/2026 02:03:00,398835.04325958405
06/17/2026 02:04:00,398466.862995608
06/17/2026 02:05:00,398236.75034984
06/17/2026 02:06:00,398006.62404951995
06/17/2026 02:07:00,397811.02486321994
06/17/2026 02:08:00,397753.48647483997
06/17/2026 02:09:00,397615.439331472
06/17/2026 02:10:00,397350.81660144
06/17/2026 02:11:00,397086.16657627997
06/17/2026 02:12:00,396810.03139576805
06/17/2026 02:13:00,396395.82861102396
06/17/2026 02:14:00,396286.51146266
06/17/2026 02:15:00,395958.60093929595
06/17/2026 02:16:00,395682.465758784
06/17/2026 02:17:00,395394.81637031
06/17/2026 02:18:00,395130.188521568
06/17/2026 02:19:00,394808.037654552
06/17/2026 02:20:00,394416.84613717993
06/17/2026 02:21:00,394094.674760384
06/17/2026 02:22:00,393812.7918869799
06/17/2026 02:23:00,393588.420113816
06/17/2026 02:24:00,393358.3142603839
06/17/2026 02:25:00,393243.251096248
06/17/2026 02:26:00,393122.4283072099
06/17/2026 02:27:00,392852.05959983997
06/17/2026 02:28:00,392662.21155501
06/17/2026 02:29:00,392437.84316054394
06/17/2026 02:30:00,392345.79810503195
06/17/2026 02:31:00,392023.640389776
06/17/2026 02:32:00,391799.2805381399
06/17/2026 02:33:00,391494.374454872
06/17/2026 02:34:00,391149.2122995199
06/17/2026 02:35:00,390965.1136316899
06/17/2026 02:36:00,390711.98459983995
06/17/2026 02:37:00,390320.7930894559
06/17/2026 02:38:00,390015.89038838004
06/17/2026 02:39:00,390021.646620608
06/17/2026 02:40:00,389699.475264776
06/17/2026 02:41:00,389383.06353734
06/17/2026 02:42:00,389239.25676557596
06/17/2026 02:43:00,388986.119190896
06/17/2026 02:44:00,388980.36639327003
06/17/2026 02:45:00,388894.07414936007
06/17/2026 02:46:00,388940.096670128
06/17/2026 02:47:00,388922.84676767
06/17/2026 02:48:00,388871.062888976
06/17/2026 02:49:00,388848.051628592
06/17/2026 02:50:00,388922.83822483994
06/17/2026 02:51:00,388917.085409744
06/17/2026 02:52:00,388871.062888976
06/17/2026 02:53:00,388940.10349041596
06/17/2026 02:54:00,388922.83822484
06/17/2026 02:55:00,388779.01784744
06/17/2026 02:56:00,388894.07414936007
06/17/2026 02:57:00,388917.085409744
06/17/2026 02:58:00,388894.0741493599
06/17/2026 02:59:00,388963.11476477596
06/17/2026 03:00:00,388917.085409744
06/17/2026 03:01:00,388986.12602515996
06/17/2026 03:02:00,388980.3663757999
06/17/2026 03:03:00,388917.08540974394
06/17/2026 03:04:00,388917.08540974394
06/17/2026 03:05:00,388922.83822484
06/17/2026 03:06:00,388894.07414935995
06/17/2026 03:07:00,388871.062888976
06/17/2026 03:08:00,388779.01782997
06/17/2026 03:09:00,388894.07414935995
06/17/2026 03:10:00,388871.062888976
06/17/2026 03:11:00,388894.07414936007
06/17/2026 03:12:00,388940.096670128
06/17/2026 03:13:00,388963.10793051205
06/17/2026 03:14:00,388940.096670128
06/17/2026 03:15:00,388986.13285942393
06/17/2026 03:16:00,388922.83822484
06/17/2026 03:17:00,388871.062888976
06/17/2026 03:18:00,388917.085409744
06/17/2026 03:19:00,388986.12602515996
06/17/2026 03:20:00,388894.07414935995
06/17/2026 03:21:00,388940.10350439197
06/17/2026 03:22:00,388917.085409744
06/17/2026 03:23:00,388951.60230031994
06/17/2026 03:24:00,388917.085409744
06/17/2026 03:25:00,388940.10350439197
06/17/2026 03:26:00,388951.60230031994
06/17/2026 03:27:00,388894.07414935995
06/17/2026 03:28:00,388848.051628592
06/17/2026 03:29:00,388848.051628592
06/17/2026 03:30:00,388865.31007387995
06/17/2026 03:31:00,388802.02909384796
06/17/2026 03:32:00,388848.05162859196
06/17/2026 03:33:00,388922.83822484
06/17/2026 03:34:00,388894.0741493599
06/17/2026 03:35:00,388871.062888976
06/17/2026 03:36:00,388917.085409744
06/17/2026 03:37:00,388951.60230031994
06/17/2026 03:38:00,388779.017833464
06/17/2026 03:39:00,388894.07414935995
06/17/2026 03:40:00,388848.051628592
06/17/2026 03:41:00,388825.040354232
06/17/2026 03:42:00,388865.31007387995
06/17/2026 03:43:00,388825.04035423195
06/17/2026 03:44:00,388825.040368208
06/17/2026 03:45:00,388836.54598093
06/17/2026 03:46:00,388917.085409744
06/17/2026 03:47:00,388756.006559104
06/17/2026 03:48:00,388865.31007387995
06/17/2026 03:49:00,388871.062888976
06/17/2026 03:50:00,388779.01784744
06/17/2026 03:51:00,388951.60230032
06/17/2026 03:52:00,388848.051628592
06/17/2026 03:53:00,388836.54598093
06/17/2026 03:54:00,388825.040368208
06/17/2026 03:55:00,388871.062888976
06/17/2026 03:56:00,388922.83822484
06/17/2026 03:57:00,388848.05162859196
06/17/2026 03:58:00,388871.062888976
06/17/2026 03:59:00,388848.051628592
06/17/2026 04:00:00,388721.48966153996
06/17/2026 04:01:00,388871.062888976
06/17/2026 04:02:00,388871.062888976
06/17/2026 04:03:00,388836.5459984
06/17/2026 04:04:00,388779.017833464
06/17/2026 04:05:00,388871.062888976
06/17/2026 04:06:00,388865.31007387995
06/17/2026 04:07:00,388779.017833464
06/17/2026 04:08:00,388825.040368208
06/17/2026 04:09:00,388779.01781249995
06/17/2026 04:10:00,388963.114764776
06/17/2026 04:11:00,388802.0290938479
06/17/2026 04:12:00,388779.01782997
06/17/2026 04:13:00,388825.04035423195
06/17/2026 04:14:00,388894.0741493599
06/17/2026 04:15:00,388894.07414936007
06/17/2026 04:16:00,388825.040368208
06/17/2026 04:17:00,388917.092244008
06/17/2026 04:18:00,388836.54598093
06/17/2026 04:19:00,388894.0741493599
06/17/2026 04:20:00,388848.051614616
06/17/2026 04:21:00,388922.83822484
06/17/2026 04:22:00,388802.0290938479
06/17/2026 04:23:00,388871.062888976
06/17/2026 04:24:00,388807.78192292
06/17/2026 04:25:00,388871.062888976
06/17/2026 04:26:00,388836.54598093
06/17/2026 04:27:00,388917.092244008
06/17/2026 04:28:00,388756.006559104
06/17/2026 04:29:00,388825.04035423195
06/17/2026 04:30:00,388865.31859924
06/17/2026 04:31:00,388848.05162859196
06/17/2026 04:32:00,388940.10350439197
06/17/2026 04:33:00,388825.040368208
06/17/2026 04:34:00,388836.5459984
06/17/2026 04:35:00,388825.040368208
06/17/2026 04:36:00,388894.07414935995
06/17/2026 04:37:00,388779.01782997
06/17/2026 04:38:00,388917.08540974394
06/17/2026 04:39:00,388894.07414935995
06/17/2026 04:40:00,388871.062888976
06/17/2026 04:41:00,388848.05162859196
06/17/2026 04:42:00,388894.07414935995
06/17/2026 04:43:00,388894.07414935995
06/17/2026 04:44:00,388951.60230031994
06/17/2026 04:45:00,388871.062888976
06/17/2026 04:46:00,388922.83822484
06/17/2026 04:47:00,388871.062888976
06/17/2026 04:48:00,388750.25375448994
06/17/2026 04:49:00,388848.051628592
06/17/2026 04:50:00,388825.040368208
06/17/2026 04:51:00,388836.5459984
06/17/2026 04:52:00,388871.062888976
06/17/2026 04:53:00,388750.25375448994
06/17/2026 04:54:00,388802.029107824
06/17/2026 04:55:00,388807.78190545
06/17/2026 04:56:00,388756.00657307997
06/17/2026 04:57:00,388732.99529872
06/17/2026 04:58:00,388825.040368208
06/17/2026 04:59:00,388836.54599839996
06/17/2026 05:00:00,388732.99529871996
06/17/2026 05:01:00,388709.98402436
06/17/2026 05:02:00,388779.01782997
06/17/2026 05:03:00,388756.006559104
06/17/2026 05:04:00,388836.5459984
06/17/2026 05:05:00,388825.04035423195
06/17/2026 05:06:00,388802.02909384796
06/17/2026 05:07:00,388750.25375448994
06/17/2026 05:08:00,388779.01784744
06/17/2026 05:09:00,388865.31007387995
06/17/2026 05:10:00,388848.051628592
06/17/2026 05:11:00,388692.7255685899
06/17/2026 05:12:00,388865.31007387995
06/17/2026 05:13:00,388779.01781948796
06/17/2026 05:14:00,388802.0290938479
06/17/2026 05:15:00,388807.78190545
06/17/2026 05:16:00,388779.017833464
06/17/2026 05:17:00,388865.31007387995
06/17/2026 05:18:00,388779.017833464
06/17/2026 05:19:00,388825.040368208
06/17/2026 05:20:00,388802.02909384796
06/17/2026 05:21:00,388894.07414935995
06/17/2026 05:22:00,388756.006559104
06/17/2026 05:23:00,388825.040368208
06/17/2026 05:24:00,388865.31007387995
06/17/2026 05:25:00,388756.006559104
06/17/2026 05:26:00,388825.040354232
06/17/2026 05:27:00,388807.78190545
06/17/2026 05:28:00,388825.040354232
06/17/2026 05:29:00,388732.99529871996
06/17/2026 05:30:00,388721.48966153996
06/17/2026 05:31:00,388802.02909384796
06/17/2026 05:32:00,388779.017833464
06/17/2026 05:33:00,388750.25375448994
06/17/2026 05:34:00,388825.040354232
06/17/2026 05:35:00,388848.05162859196
06/17/2026 05:36:00,388825.0403682079
06/17/2026 05:37:00,388807.78190545
06/17/2026 05:38:00,388917.085409744
06/17/2026 05:39:00,388802.02909384796
06/17/2026 05:40:00,388779.01782997
06/17/2026 05:41:00,388756.00657307997
06/17/2026 05:42:00,388836.5459984
06/17/2026 05:43:00,388802.02909384796
06/17/2026 05:44:00,388779.0178194879
06/17/2026 05:45:00,388779.01784744
06/17/2026 05:46:00,388825.040368208
06/17/2026 05:47:00,388802.029079872
06/17/2026 05:48:00,388807.78192292
06/17/2026 05:49:00,388802.02909384796
06/17/2026 05:50:00,388779.01781948796
06/17/2026 05:51:00,388836.5459984
06/17/2026 05:52:00,388802.029107824
06/17/2026 05:53:00,388825.0403682079
06/17/2026 05:54:00,388779.01781948796
06/17/2026 05:55:00,388802.029107824
06/17/2026 05:56:00,388807.78192292
06/17/2026 05:57:00,388732.99529871996
06/17/2026 05:58:00,388807.78192292
06/17/2026 05:59:00,388756.00657307997
06/17/2026 06:00:00,388779.017833464
06/17/2026 06:01:00,388807.78190545
06/17/2026 06:02:00,388825.04035423195
06/17/2026 06:03:00,388750.25375448994
06/17/2026 06:04:00,388848.051614616
06/17/2026 06:05:00,388807.78190545
06/17/2026 06:06:00,388686.97275
06/17/2026 06:07:00,388802.029107824
06/17/2026 06:08:00,388807.78190545
06/17/2026 06:09:00,388756.006559104
06/17/2026 06:10:00,388721.48966153996
06/17/2026 06:11:00,388894.07414935995
06/17/2026 06:12:00,388836.5459984
06/17/2026 06:13:00,388732.99528474396
06/17/2026 06:14:00,388756.00657307997
06/17/2026 06:15:00,388750.25373701996
06/17/2026 06:16:00,388848.051628592
06/17/2026 06:17:00,388750.25373701996
06/17/2026 06:18:00,388732.99528474396
06/17/2026 06:19:00,388732.99529871996
06/17/2026 06:20:00,388836.5459984
06/17/2026 06:21:00,388779.01784744
06/17/2026 06:22:00,388807.78192292
06/17/2026 06:23:00,388848.051628592
06/17/2026 06:24:00,388756.00657307997
06/17/2026 06:25:00,388779.01784744
06/17/2026 06:26:00,388709.9840383359
06/17/2026 06:27:00,388750.25375448994
06/17/2026 06:28:00,388686.9727499999
06/17/2026 06:29:00,388721.48966153996
06/17/2026 06:30:00,388663.96150359197
06/17/2026 06:31:00,388663.96147563995
06/17/2026 06:32:00,388779.01782997
06/17/2026 06:33:00,388779.01781948796
06/17/2026 06:34:00,388709.9840383359
06/17/2026 06:35:00,388732.99529871996
06/17/2026 06:36:00,388663.96149311
06/17/2026 06:37:00,388663.96147563995
06/17/2026 06:38:00,388709.98402435996
06/17/2026 06:39:00,388721.48966153996
06/17/2026 06:40:00,388709.98402435996
06/17/2026 06:41:00,388779.017833464
06/17/2026 06:42:00,388750.25373701996
06/17/2026 06:43:00,388663.9614896159
06/17/2026 06:44:00,388663.96148961596
06/17/2026 06:45:00,388606.43332468
06/17/2026 06:46:00,388640.95022923197
06/17/2026 06:47:00,388686.97275
06/17/2026 06:48:00,388663.96147563995
06/17/2026 06:49:00,388640.95022923197
06/17/2026 06:50:00,388663.961489616
06/17/2026 06:51:00,388640.95022923197
06/17/2026 06:52:00,388692.7255685899
06/17/2026 06:53:00,388617.93895487196
06/17/2026 06:54:00,388594.9276944879
06/17/2026 06:55:00,388617.93895487196
06/17/2026 06:56:00,388635.19740015996
06/17/2026 06:57:00,388640.95021525596
06/17/2026 06:58:00,388594.92768051196
06/17/2026 06:59:00,388594.92768051196
06/17/2026 07:00:00,388548.90517372
06/17/2026 07:01:00,388594.92769448797
06/17/2026 07:02:00,388594.92770846403
06/17/2026 07:03:00,388663.96147563995
06/17/2026 07:04:00,388594.92768051196
06/17/2026 07:05:00,388571.916420128
06/17/2026 07:06:00,388520.14108077
06/17/2026 07:07:00,388594.92768051196
06/17/2026 07:08:00,388571.916434104
06/17/2026 07:09:00,388606.43332468
06/17/2026 07:10:00,388640.95021525596
06/17/2026 07:11:00,388571.91642012796
06/17/2026 07:12:00,388571.91642012796
06/17/2026 07:13:00,388548.90515625
06/17/2026 07:14:00,388525.89389936
06/17/2026 07:15:00,388525.89389936003
06/17/2026 07:16:00,388548.90515625
06/17/2026 07:17:00,388502.882611024
06/17/2026 07:18:00,388525.89389936
06/17/2026 07:19:00,388548.90517372
06/17/2026 07:20:00,388548.90515625
06/17/2026 07:21:00,388548.90514576796
06/17/2026 07:22:00,388525.8938853839
06/17/2026 07:23:00,388548.905159744
06/17/2026 07:24:00,388548.90515625
06/17/2026 07:25:00,388479.871364616
06/17/2026 07:26:00,388462.61289487
06/17/2026 07:27:00,388548.9051597441
06/17/2026 07:28:00,388502.88262499997
06/17/2026 07:29:00,388462.61289487
06/17/2026 07:30:00,388525.89389936
06/17/2026 07:31:00,388520.14108076994
06/17/2026 07:32:00,388502.88262499997
06/17/2026 07:33:00,388456.86007627996
06/17/2026 07:34:00,388347.55659295
06/17/2026 07:35:00,388410.83755551203
06/17/2026 07:36:00,388387.826281152
06/17/2026 07:37:00,388433.84881939006
06/17/2026 07:38:00,388502.88262499997
06/17/2026 07:39:00,388387.82628115197
06/17/2026 07:40:00,388462.61289487
06/17/2026 07:41:00,388456.86009025597
06/17/2026 07:42:00,388433.84881939
06/17/2026 07:43:00,388387.826281152
06/17/2026 07:44:00,388341.80376038403
06/17/2026 07:45:00,388318.792486024
06/17/2026 07:46:00,388405.08472644
06/17/2026 07:47:00,388387.82628115197
06/17/2026 07:48:00,388347.55657548
06/17/2026 07:49:00,388364.815020768
06/17/2026 07:50:00,388364.815020768
06/17/2026 07:51:00,388318.7925
06/17/2026 07:52:00,388180.724909744
06/17/2026 07:53:00,388174.97210513
06/17/2026 07:54:00,388019.646045128
06/17/2026 07:55:00,387789.526593048
06/17/2026 07:56:00,387657.2186242
06/17/2026 07:57:00,387444.35757547995
06/17/2026 07:58:00,387168.208754392
06/17/2026 07:59:00,386961.12102356006
06/17/2026 08:00:00,386765.51500649
06/17/2026 08:01:00,386500.90251038404
06/17/2026 08:02:00,386293.780664136
06/17/2026 08:03:00,386132.69669827993
06/17/2026 08:04:00,385879.57787939196
06/17/2026 08:05:00,385741.49660663196
06/17/2026 08:06:00,385350.31194448797
06/17/2026 08:07:00,385212.23751298
06/17/2026 08:08:00,385005.136134584
06/17/2026 08:09:00,384705.989665736
06/17/2026 08:10:00,384579.42771265993
06/17/2026 08:11:00,384314.79134904
06/17/2026 08:12:00,384147.94944239
06/17/2026 08:13:00,383831.561561504
06/17/2026 08:14:00,383578.43766932795
06/17/2026 08:15:00,383313.79956918996
06/17/2026 08:16:00,383095.17378035194
06/17/2026 08:17:00,383083.66133686
06/17/2026 08:18:00,383026.133178912
06/17/2026 08:19:00,382911.07684903994
06/17/2026 08:20:00,383072.162519968
06/17/2026 08:21:00,382911.083669328
06/17/2026 08:22:00,382939.84944988
06/17/2026 08:23:00,382957.10619009595
06/17/2026 08:24:00,382888.07922923204
06/17/2026 08:25:00,383026.13318589993
06/17/2026 08:26:00,382888.07922923204
06/17/2026 08:27:00,382968.60501746996
06/17/2026 08:28:00,382888.0792292319
06/17/2026 08:29:00,382934.094929712
06/17/2026 08:30:00,382968.6050174699
06/17/2026 08:31:00,382980.11745047994
06/17/2026 08:32:00,383026.13318589993
06/17/2026 08:33:00,383049.14442532
06/17/2026 08:34:00,382934.08810942405
06/17/2026 08:35:00,382882.32129891997
06/17/2026 08:36:00,382773.036539936
06/17/2026 08:37:00,382709.75386182
06/17/2026 08:38:00,382588.919119808
06/17/2026 08:39:00,382450.858335864
06/17/2026 08:40:00,382249.51149859995
06/17/2026 08:41:00,382059.660005192
06/17/2026 08:42:00,381789.30320188
06/17/2026 08:43:00,381507.38964416797
06/17/2026 08:44:00,381208.2431892959
06/17/2026 08:45:00,380955.11924471
06/17/2026 08:46:00,380725.00660942396
06/17/2026 08:47:00,380523.64095697
06/17/2026 08:48:00,380149.711305512
06/17/2026 08:49:00,379919.61228285
06/17/2026 08:50:00,379597.43409624795
06/17/2026 08:51:00,379160.226885384
06/17/2026 08:52:00,378912.83531249996
06/17/2026 08:53:00,378538.922729232
06/17/2026 08:54:00,378337.55366313993
06/17/2026 08:55:00,377871.58236980793
06/17/2026 08:56:00,377560.92346795
06/17/2026 08:57:00,377227.26010503195
06/17/2026 08:58:00,376928.11365015997
06/17/2026 08:59:00,376744.01671884797
06/17/2026 09:00:00,376554.17207368
06/17/2026 09:01:00,376352.83202875196
06/17/2026 09:02:00,376168.72141493595
06/17/2026 09:03:00,375921.35373053
06/17/2026 09:04:00,375685.471194488
06/17/2026 09:05:00,375346.08914935996
06/17/2026 09:06:00,375064.167010384
06/17/2026 09:07:00,374770.7733810899
06/17/2026 09:08:00,374327.8133446479
06/17/2026 09:09:00,373936.615
06/17/2026 09:10:00,373821.55868061
06/17/2026 09:11:00,373752.524875
06/17/2026 09:12:00,373545.423503592
06/17/2026 09:13:00,373390.09744358994
06/17/2026 09:14:00,373361.333378592
06/17/2026 09:15:00,373154.22514496796
06/17/2026 09:16:00,372843.57136182
06/17/2026 09:17:00,372555.932263176
06/17/2026 09:18:00,372302.808315096
06/17/2026 09:19:00,371980.6233117
06/17/2026 09:20:00,371750.53795407206
06/17/2026 09:21:00,371434.11426317994
06/17/2026 09:22:00,371129.20647483994
06/17/2026 09:23:00,370784.051167728
06/17/2026 09:24:00,370507.909111024
06/17/2026 09:25:00,370110.95796875
06/17/2026 09:26:00,369909.609408944
06/17/2026 09:27:00,369541.429130992
06/17/2026 09:28:00,369276.77397664
06/17/2026 09:29:00,368966.13386900804
06/17/2026 09:30:00,368528.92490765
06/17/2026 09:31:00,368321.797935704
06/17/2026 09:32:00,367907.61563977593
06/17/2026 09:33:00,367608.44870656996
06/17/2026 09:34:00,367309.302241216
06/17/2026 09:35:00,366826.065689296
06/17/2026 09:36:00,366526.919206472
06/17/2026 09:37:00,366256.53684455
06/17/2026 09:38:00,366020.67139416793
06/17/2026 09:39:00,365744.5293793919
06/17/2026 09:40:00,365508.65367411997
06/17/2026 09:41:00,365215.277085064
06/17/2026 09:42:00,364990.91724390996
06/17/2026 09:43:00,364616.96370048
06/17/2026 09:44:00,364363.85342092795
06/17/2026 09:45:00,364041.66842451994
06/17/2026 09:46:00,363788.54450439196
06/17/2026 09:47:00,363466.38677516
06/17/2026 09:48:00,363144.229059904
06/17/2026 09:49:00,362753.037521568
06/17/2026 09:50:00,362517.17205721
06/17/2026 09:51:00,362407.86857388
06/17/2026 09:52:00,362056.93825428997
06/17/2026 09:53:00,361740.52821445593
06/17/2026 09:54:00,361441.374939296
06/17/2026 09:55:00,361078.93386731
06/17/2026 09:56:00,360820.07076916797
06/17/2026 09:57:00,360543.9355746799
06/17/2026 09:58:00,360273.53954423
06/17/2026 09:59:00,360083.696628592
06/17/2026 10:00:00,359669.49381938996
