Timestamp,SDS_Factor
06/17/2026 10:01:00,0.38389674170252
06/17/2026 10:02:00,0.3824066400799139
06/17/2026 10:03:00,0.38266157219251334
06/17/2026 10:04:00,0.38068966101479645
06/17/2026 10:05:00,0.38320873899431346
06/17/2026 10:06:00,0.3812772513048818
06/17/2026 10:07:00,0.3839446328335256
06/17/2026 10:08:00,0.3769947722967341
06/17/2026 10:09:00,0.38329623167267973
06/17/2026 10:10:00,0.3813671011595972
06/17/2026 10:11:00,0.3803825198226726
06/17/2026 10:12:00,0.38591380994084656
06/17/2026 10:13:00,0.3804564251799663
06/17/2026 10:14:00,0.3806517987421384
06/17/2026 10:15:00,0.38666976160679806
06/17/2026 10:16:00,0.38497125561431744
06/17/2026 10:17:00,0.38141314414759236
06/17/2026 10:18:00,0.3755857133975283
06/17/2026 10:19:00,0.37818367997448976
06/17/2026 10:20:00,0.37836149450549444
06/17/2026 10:21:00,0.3822867645979823
06/17/2026 10:22:00,0.3836162510130326
06/17/2026 10:23:00,0.3838785396825397
06/17/2026 10:24:00,0.38133808407529896
06/17/2026 10:25:00,0.3790002536158335
06/17/2026 10:26:00,0.381238046063203
06/17/2026 10:27:00,0.38196384105283326
06/17/2026 10:28:00,0.37952301731733257
06/17/2026 10:29:00,0.3778921001593444
06/17/2026 10:30:00,0.38100419677132324
06/17/2026 10:31:00,0.3859319676773895
06/17/2026 10:32:00,0.3845303875076734
06/17/2026 10:33:00,0.386744761405672
06/17/2026 10:34:00,0.37914062207031246
06/17/2026 10:35:00,0.37707441783100465
06/17/2026 10:36:00,0.377236476504953
06/17/2026 10:37:00,0.38515609158548747
06/17/2026 10:38:00,0.38189669269473275
06/17/2026 10:39:00,0.38210936550669217
06/17/2026 10:40:00,0.38031240114759324
06/17/2026 10:41:00,0.3824982725251131
06/17/2026 10:42:00,0.38025756924443316
06/17/2026 10:43:00,0.3824879957287774
06/17/2026 10:44:00,0.38534901573239655
06/17/2026 10:45:00,0.3822475177623296
06/17/2026 10:46:00,0.37899081893476044
06/17/2026 10:47:00,0.38123493978676076
06/17/2026 10:48:00,0.38252239696760854
06/17/2026 10:49:00,0.3819039618291472
06/17/2026 10:50:00,0.3848409408329491
06/17/2026 10:51:00,0.38509786507587423
06/17/2026 10:52:00,0.37943360094146233
06/17/2026 10:53:00,0.37730376655817127
06/17/2026 10:54:00,0.3813451829324344
06/17/2026 10:55:00,0.38005028830476195
06/17/2026 10:56:00,0.38001368834131877
06/17/2026 10:57:00,0.3834103633013436
06/17/2026 10:58:00,0.3841438091726204
06/17/2026 10:59:00,0.3830596159791842
06/17/2026 11:00:00,0.38465602027027024
06/17/2026 11:01:00,0.3791803292349727
06/17/2026 11:02:00,0.3786504363636363
06/17/2026 11:03:00,0.38086092575140096
06/17/2026 11:04:00,0.3826435317683083
06/17/2026 11:05:00,0.38288858184319124
06/17/2026 11:06:00,0.3832204686686073
06/17/2026 11:07:00,0.38406128362591757
06/17/2026 11:08:00,0.38086092562404483
06/17/2026 11:09:00,0.3804573598470363
06/17/2026 11:10:00,0.38185039534120735
06/17/2026 11:11:00,0.37826881773849436
06/17/2026 11:12:00,0.3818265137446549
06/17/2026 11:13:00,0.37794673025267467
06/17/2026 11:14:00,0.38035558443342243
06/17/2026 11:15:00,0.38389282414536496
06/17/2026 11:16:00,0.38541436709637816
06/17/2026 11:17:00,0.3877135863552551
06/17/2026 11:18:00,0.3826965456386885
06/17/2026 11:19:00,0.3828410441008454
06/17/2026 11:20:00,0.3786102169044332
06/17/2026 11:21:00,0.38057696715131933
06/17/2026 11:22:00,0.37697622917457657
06/17/2026 11:23:00,0.38143838433348604
06/17/2026 11:24:00,0.38178538227737385
06/17/2026 11:25:00,0.38230047451355664
06/17/2026 11:26:00,0.3861878924315121
06/17/2026 11:27:00,0.38000610351145037
06/17/2026 11:28:00,0.3835694549218031
06/17/2026 11:29:00,0.38359299190371987
06/17/2026 11:30:00,0.3789353596958175
06/17/2026 11:31:00,0.38262385565749235
06/17/2026 11:32:00,0.379392169024808
06/17/2026 11:33:00,0.38186723420471
06/17/2026 11:34:00,0.3827041932433463
06/17/2026 11:35:00,0.3820697601168922
06/17/2026 11:36:00,0.38023952978869474
06/17/2026 11:37:00,0.37913466185080985
06/17/2026 11:38:00,0.38222562803896004
06/17/2026 11:39:00,0.38287331126232893
06/17/2026 11:40:00,0.38297638462126427
06/17/2026 11:41:00,0.3829822435701163
06/17/2026 11:42:00,0.3847501747632612
06/17/2026 11:43:00,0.3825586060977478
06/17/2026 11:44:00,0.3812545079462572
06/17/2026 11:45:00,0.3810441315448518
06/17/2026 11:46:00,0.38181067751547104
06/17/2026 11:47:00,0.3871177583030115
06/17/2026 11:48:00,0.38070541768873317
06/17/2026 11:49:00,0.38173833531564505
06/17/2026 11:50:00,0.37698754352585884
06/17/2026 11:51:00,0.3852041688923196
06/17/2026 11:52:00,0.37525927776942736
06/17/2026 11:53:00,0.3698730846282424
06/17/2026 11:54:00,0.3747611853409432
06/17/2026 11:55:00,0.37115447132429613
06/17/2026 11:56:00,0.37617748626736214
06/17/2026 11:57:00,0.3773952476406191
06/17/2026 11:58:00,0.3705123119686553
06/17/2026 11:59:00,0.37779385744424343
06/17/2026 12:00:00,0.37630945409391936
06/17/2026 12:01:00,0.37070364454660043
06/17/2026 12:02:00,0.3689066660740741
06/17/2026 12:03:00,0.3696863349189832
06/17/2026 12:04:00,0.3760024197157545
06/17/2026 12:05:00,0.3756541375211162
06/17/2026 12:06:00,0.37123437540513016
06/17/2026 12:07:00,0.37179117648914356
06/17/2026 12:08:00,0.36844451033572795
06/17/2026 12:09:00,0.37478624923162895
06/17/2026 12:10:00,0.3740734763645376
06/17/2026 12:11:00,0.37529910194416755
06/17/2026 12:12:00,0.36623318897228213
06/17/2026 12:13:00,0.36802615740190253
06/17/2026 12:14:00,0.3687909129369851
06/17/2026 12:15:00,0.3721456755790571
06/17/2026 12:16:00,0.3712042646558734
06/17/2026 12:17:00,0.3718400020740741
06/17/2026 12:18:00,0.3822086798172125
06/17/2026 12:19:00,0.3686779059449867
06/17/2026 12:20:00,0.3652605188191882
06/17/2026 12:21:00,0.36639115624309393
06/17/2026 12:22:00,0.3697153043907861
06/17/2026 12:23:00,0.373252190440849
06/17/2026 12:24:00,0.37196794404867917
06/17/2026 12:25:00,0.37302110731598176
06/17/2026 12:26:00,0.37599338239494856
06/17/2026 12:27:00,0.3721650731160287
06/17/2026 12:28:00,0.36903680978058756
06/17/2026 12:29:00,0.36894939124001186
06/17/2026 12:30:00,0.37293269453328376
06/17/2026 12:31:00,0.37621621711711706
06/17/2026 12:32:00,0.3692947797285335
06/17/2026 12:33:00,0.3663931383955909
06/17/2026 12:34:00,0.36912938730178324
06/17/2026 12:35:00,0.3634153581381559
06/17/2026 12:36:00,0.3741260398335315
06/17/2026 12:37:00,0.3720026739437142
06/17/2026 12:38:00,0.37249126874210564
06/17/2026 12:39:00,0.36847340411716967
06/17/2026 12:40:00,0.3704398095379367
06/17/2026 12:41:00,0.3658850478585694
06/17/2026 12:42:00,0.37258580334683444
06/17/2026 12:43:00,0.3783434341937898
06/17/2026 12:44:00,0.3860643830003817
06/17/2026 12:45:00,0.404284230037567
06/17/2026 12:46:00,0.40835118008665083
06/17/2026 12:47:00,0.40244771665717305
06/17/2026 12:48:00,0.40386173068793896
06/17/2026 12:49:00,0.4128901420973907
06/17/2026 12:50:00,0.42203750785605676
06/17/2026 12:51:00,0.41336103965416904
06/17/2026 12:52:00,0.42120091749007693
06/17/2026 12:53:00,0.42653445341083945
06/17/2026 12:54:00,0.42528212372535695
06/17/2026 12:55:00,0.4198537976207539
06/17/2026 12:56:00,0.4317110848380625
06/17/2026 12:57:00,0.42007989822667696
06/17/2026 12:58:00,0.41533399983383185
06/17/2026 12:59:00,0.4153075615416494
06/17/2026 13:00:00,0.4053030416227181
06/17/2026 13:01:00,0.41071129986053
06/17/2026 13:02:00,0.4074651024573434
06/17/2026 13:03:00,0.39926694236797694
06/17/2026 13:04:00,0.4035708977142471
06/17/2026 13:05:00,0.4006279557869443
06/17/2026 13:06:00,0.4044616926931781
06/17/2026 13:07:00,0.39868768200368093
06/17/2026 13:08:00,0.40203809354657244
06/17/2026 13:09:00,0.4060128436633998
06/17/2026 13:10:00,0.40232573144876327
06/17/2026 13:11:00,0.3977481838768839
06/17/2026 13:12:00,0.39046153389830507
06/17/2026 13:13:00,0.38681236751143144
06/17/2026 13:14:00,0.37746185997559484
06/17/2026 13:15:00,0.3882815429127473
06/17/2026 13:16:00,0.3844156678672695
06/17/2026 13:17:00,0.37641141103376
06/17/2026 13:18:00,0.3696663967749093
06/17/2026 13:19:00,0.37953106958039295
06/17/2026 13:20:00,0.3828659128567045
06/17/2026 13:21:00,0.37421017287094605
06/17/2026 13:22:00,0.37360621213026585
06/17/2026 13:23:00,0.3736032385665017
06/17/2026 13:24:00,0.3733134555621831
06/17/2026 13:25:00,0.37350894632206766
06/17/2026 13:26:00,0.3758262610656045
06/17/2026 13:27:00,0.3770577651925391
06/17/2026 13:28:00,0.377014256264066
06/17/2026 13:29:00,0.3725618886072174
06/17/2026 13:30:00,0.3727449442782348
06/17/2026 13:31:00,0.3722968801853651
06/17/2026 13:32:00,0.3785684455414214
06/17/2026 13:33:00,0.3641198324950798
06/17/2026 13:34:00,0.37731838033576753
06/17/2026 13:35:00,0.3697715766834767
06/17/2026 13:36:00,0.37090233232179354
06/17/2026 13:37:00,0.37178746509897304
06/17/2026 13:38:00,0.37378999188823797
06/17/2026 13:39:00,0.36992000340740744
06/17/2026 13:40:00,0.37308397306901064
06/17/2026 13:41:00,0.37702647129818206
06/17/2026 13:42:00,0.367392360933245
06/17/2026 13:43:00,0.3730395779188449
06/17/2026 13:44:00,0.368681079988237
06/17/2026 13:45:00,0.36163979220591425
06/17/2026 13:46:00,0.3560254386161283
06/17/2026 13:47:00,0.35874999616858244
06/17/2026 13:48:00,0.3598448751795461
06/17/2026 13:49:00,0.35167277644569817
06/17/2026 13:50:00,0.34132493443744866
06/17/2026 13:51:00,0.3434332417529662
06/17/2026 13:52:00,0.33834999311084757
06/17/2026 13:53:00,0.34825460674782605
06/17/2026 13:54:00,0.3401857369571155
06/17/2026 13:55:00,0.3475154648689971
06/17/2026 13:56:00,0.34643787633136097
06/17/2026 13:57:00,0.3439764088882793
06/17/2026 13:58:00,0.3371610979338149
06/17/2026 13:59:00,0.3488794343490691
06/17/2026 14:00:00,0.35191343960954957
06/17/2026 14:01:00,0.3429609223995597
06/17/2026 14:02:00,0.3392307692307692
06/17/2026 14:03:00,0.342649360585444
06/17/2026 14:04:00,0.35175379665542444
06/17/2026 14:05:00,0.3487388972201265
06/17/2026 14:06:00,0.35573707877756505
06/17/2026 14:07:00,0.34891808005003133
06/17/2026 14:08:00,0.35060869904559916
06/17/2026 14:09:00,0.33800246842033155
06/17/2026 14:10:00,0.33496824512250456
06/17/2026 14:11:00,0.3555982939221272
06/17/2026 14:12:00,0.3547744414401594
06/17/2026 14:13:00,0.3597410044604316
06/17/2026 14:14:00,0.3499860199888175
06/17/2026 14:15:00,0.35393067755246393
06/17/2026 14:16:00,0.34580465319771486
06/17/2026 14:17:00,0.35228426748448954
06/17/2026 14:18:00,0.3506840378526783
06/17/2026 14:19:00,0.3534424812531008
06/17/2026 14:20:00,0.35395708052978253
06/17/2026 14:21:00,0.3480874126951093
06/17/2026 14:22:00,0.36623795082367294
06/17/2026 14:23:00,0.3542361030384972
06/17/2026 14:24:00,0.3404216951211191
06/17/2026 14:25:00,0.34859773866331795
06/17/2026 14:26:00,0.3564658489201199
06/17/2026 14:27:00,0.3531847731749913
06/17/2026 14:28:00,0.351473183461021
06/17/2026 14:29:00,0.3500389191140047
06/17/2026 14:30:00,0.35655083440583446
06/17/2026 14:31:00,0.3609543314857212
06/17/2026 14:32:00,0.3541207111242603
06/17/2026 14:33:00,0.35811328681168786
06/17/2026 14:34:00,0.3385569262217409
06/17/2026 14:35:00,0.3499738328972615
06/17/2026 14:36:00,0.3419117645697168
06/17/2026 14:37:00,0.33564635458807773
06/17/2026 14:38:00,0.33949506240217764
06/17/2026 14:39:00,0.32821785308004836
06/17/2026 14:40:00,0.33992595648459306
06/17/2026 14:41:00,0.3275613780030277
06/17/2026 14:42:00,0.3259214701770432
06/17/2026 14:43:00,0.3314657428305895
06/17/2026 14:44:00,0.3343371103264491
06/17/2026 14:45:00,0.3284251961942257
06/17/2026 14:46:00,0.3234884057924029
06/17/2026 14:47:00,0.32151284044267747
06/17/2026 14:48:00,0.32656638404185745
06/17/2026 14:49:00,0.32254362414372495
06/17/2026 14:50:00,0.3227537954103462
06/17/2026 14:51:00,0.3189178085652007
06/17/2026 14:52:00,0.3245420761358451
06/17/2026 14:53:00,0.3199336302488832
06/17/2026 14:54:00,0.3212960270218352
06/17/2026 14:55:00,0.32395825563716013
06/17/2026 14:56:00,0.3204647124365367
06/17/2026 14:57:00,0.3319064086679074
06/17/2026 14:58:00,0.33062970151815185
06/17/2026 14:59:00,0.3221907233247423
06/17/2026 15:00:00,0.32936675131926124
06/17/2026 15:01:00,0.3322739858360075
06/17/2026 15:02:00,0.3322892512348077
06/17/2026 15:03:00,0.3361869566852462
06/17/2026 15:04:00,0.3365628821943658
06/17/2026 15:05:00,0.3408975576319738
06/17/2026 15:06:00,0.3405571086290267
06/17/2026 15:07:00,0.3386594148198504
06/17/2026 15:08:00,0.3418506222548411
06/17/2026 15:09:00,0.3466301906846317
06/17/2026 15:10:00,0.3447887328045946
06/17/2026 15:11:00,0.3573592857948935
06/17/2026 15:12:00,0.35086040258746615
06/17/2026 15:13:00,0.3479618600248721
06/17/2026 15:14:00,0.35394873175514774
06/17/2026 15:15:00,0.3489840892929999
06/17/2026 15:16:00,0.34702634239550406
06/17/2026 15:17:00,0.35028945756743435
06/17/2026 15:18:00,0.35815736638495416
06/17/2026 15:19:00,0.35346380417354395
06/17/2026 15:20:00,0.353102756075426
06/17/2026 15:21:00,0.34708920683488975
06/17/2026 15:22:00,0.3480242657089057
06/17/2026 15:23:00,0.34825567796018164
06/17/2026 15:24:00,0.35132195389697096
06/17/2026 15:25:00,0.34976171755991897
06/17/2026 15:26:00,0.34970274635445875
06/17/2026 15:27:00,0.35264788999999996
06/17/2026 15:28:00,0.34806430793360343
06/17/2026 15:29:00,0.35014321833754564
06/17/2026 15:30:00,0.35383876166902406
06/17/2026 15:31:00,0.3509905246170038
06/17/2026 15:32:00,0.35144904666198173
06/17/2026 15:33:00,0.35328508843777584
06/17/2026 15:34:00,0.34935923359653415
06/17/2026 15:35:00,0.35378997225865033
06/17/2026 15:36:00,0.34894592879625097
06/17/2026 15:37:00,0.35195601691689576
06/17/2026 15:38:00,0.3523963082896981
06/17/2026 15:39:00,0.35348876854599404
06/17/2026 15:40:00,0.349646126885662
06/17/2026 15:41:00,0.3547036347432451
06/17/2026 15:42:00,0.3566412674310947
06/17/2026 15:43:00,0.3567698624992573
06/17/2026 15:44:00,0.3536851067395782
06/17/2026 15:45:00,0.35171771545518704
06/17/2026 15:46:00,0.8137652648543058
06/17/2026 15:47:00,2.7852719646675967
06/17/2026 15:48:00,0.29542725208740456
06/17/2026 15:49:00,0.3203909693267314
06/17/2026 15:50:00,0.32802982019515403
06/17/2026 15:51:00,0.3364399818022511
06/17/2026 15:52:00,0.34188399629781985
06/17/2026 15:53:00,12.828923153846157
06/17/2026 15:54:00,-122.54693979591836
06/17/2026 15:55:00,0.3130434805194805
06/17/2026 15:56:00,0.3367176286023542
06/17/2026 15:57:00,0.4294225978831426
06/17/2026 15:58:00,0.5285998703664477
06/17/2026 15:59:00,0.5079691633713137
06/17/2026 16:00:00,0.46812058503907705
06/17/2026 16:01:00,0.4394422149206902
06/17/2026 16:02:00,0.4282763055932567
06/17/2026 16:03:00,0.41083935724366955
06/17/2026 16:04:00,0.3999840127923246
06/17/2026 16:05:00,0.38533805621438477
06/17/2026 16:06:00,0.37188401695167284
06/17/2026 16:07:00,0.348406067327888
06/17/2026 16:08:00,0.34306697868243713
06/17/2026 16:09:00,0.372597237278684
06/17/2026 16:10:00,0.4485564254080909
06/17/2026 16:11:00,0.5014670421203781
06/17/2026 16:12:00,0.531103445545977
06/17/2026 16:13:00,0.5448940339684579
06/17/2026 16:14:00,0.5526500307911619
06/17/2026 16:15:00,0.5577341717913962
06/17/2026 16:16:00,0.5631222054453686
06/17/2026 16:17:00,0.5711763474037569
06/17/2026 16:18:00,0.579849883479877
06/17/2026 16:19:00,0.574057499112531
06/17/2026 16:20:00,0.5629648552360667
06/17/2026 16:21:00,0.5669356319027181
06/17/2026 16:22:00,0.5637625016670212
06/17/2026 16:23:00,0.570815913398225
06/17/2026 16:24:00,0.5663265479024944
06/17/2026 16:25:00,0.5690156901569188
06/17/2026 16:26:00,0.565368565986555
06/17/2026 16:27:00,0.56673394728719
06/17/2026 16:28:00,0.5706689572612922
06/17/2026 16:29:00,0.5640939876332371
06/17/2026 16:30:00,0.5691448111459522
06/17/2026 16:31:00,0.5707729527402134
06/17/2026 16:32:00,0.576164143630664
06/17/2026 16:33:00,0.5753902244309826
06/17/2026 16:34:00,0.5786839253041189
06/17/2026 16:35:00,0.5727934159279484
06/17/2026 16:36:00,0.5723430478825281
06/17/2026 16:37:00,0.5741571377177391
06/17/2026 16:38:00,0.569976526570392
06/17/2026 16:39:00,0.5555584349519146
06/17/2026 16:40:00,0.5604768954651906
06/17/2026 16:41:00,0.5642689469939524
06/17/2026 16:42:00,0.5620717389089366
06/17/2026 16:43:00,0.5684427018921814
06/17/2026 16:44:00,0.5630633285419736
06/17/2026 16:45:00,0.5651053005743459
06/17/2026 16:46:00,0.5716056756466802
06/17/2026 16:47:00,0.5716511870383608
06/17/2026 16:48:00,0.5650935308816263
06/17/2026 16:49:00,0.5657781136000946
06/17/2026 16:50:00,0.5566869948847314
06/17/2026 16:51:00,0.5461170642071657
06/17/2026 16:52:00,0.5300279676286819
06/17/2026 16:53:00,0.5156349712827059
06/17/2026 16:54:00,0.509750371666311
06/17/2026 16:55:00,0.5034494542622486
06/17/2026 16:56:00,0.49871969142722283
06/17/2026 16:57:00,0.5011327223765762
06/17/2026 16:58:00,0.5056816337765002
06/17/2026 16:59:00,0.49753333836893654
06/17/2026 17:00:00,0.49285108279174905
06/17/2026 17:01:00,0.4951753400637619
06/17/2026 17:02:00,0.5009878114175754
06/17/2026 17:03:00,0.5047084148068154
06/17/2026 17:04:00,0.4966203534165013
06/17/2026 17:05:00,0.48628405124982543
06/17/2026 17:06:00,0.489389370327374
06/17/2026 17:07:00,0.49130706872350777
06/17/2026 17:08:00,0.4914325305156187
06/17/2026 17:09:00,0.4941856988751485
06/17/2026 17:10:00,0.4908567051290973
06/17/2026 17:11:00,0.4918572439468159
06/17/2026 17:12:00,0.4833266523855891
06/17/2026 17:13:00,0.48422316021461953
06/17/2026 17:14:00,0.47931770697545417
06/17/2026 17:15:00,0.4778121359335334
06/17/2026 17:16:00,0.4792705027631942
06/17/2026 17:17:00,0.4845018788384049
06/17/2026 17:18:00,0.48644711191738754
06/17/2026 17:19:00,0.48031557580608275
06/17/2026 17:20:00,0.4839221792119659
06/17/2026 17:21:00,0.48583937562744
06/17/2026 17:22:00,0.47985098785871966
06/17/2026 17:23:00,0.4777255882433731
06/17/2026 17:24:00,0.4815995653428611
06/17/2026 17:25:00,0.49379903225806454
06/17/2026 17:26:00,0.4872817347093224
06/17/2026 17:27:00,0.486469133744856
06/17/2026 17:28:00,0.490497813927654
06/17/2026 17:29:00,0.48116869773913046
06/17/2026 17:30:00,0.46893195074004235
06/17/2026 17:31:00,0.4494149826662105
06/17/2026 17:32:00,0.4380770810885482
06/17/2026 17:33:00,0.4319199203392187
06/17/2026 17:34:00,0.42172349907005574
06/17/2026 17:35:00,0.4197842927267699
06/17/2026 17:36:00,0.4151440913431119
06/17/2026 17:37:00,0.41759999597222214
06/17/2026 17:38:00,0.41369096118044546
06/17/2026 17:39:00,0.4181372882260778
06/17/2026 17:40:00,0.40980431491017283
06/17/2026 17:41:00,0.4177221479627311
06/17/2026 17:42:00,0.41951412424803336
06/17/2026 17:43:00,0.41985470379851936
06/17/2026 17:44:00,0.41894809535028765
06/17/2026 17:45:00,0.41339761107285494
06/17/2026 17:46:00,0.41853394725548554
06/17/2026 17:47:00,0.41358128017566725
06/17/2026 17:48:00,0.4053478925648022
06/17/2026 17:49:00,0.4125876223988939
06/17/2026 17:50:00,0.4146583867494824
06/17/2026 17:51:00,0.4146722015214385
06/17/2026 17:52:00,0.4178616099282574
06/17/2026 17:53:00,0.40744224237867394
06/17/2026 17:54:00,0.4146844862506061
06/17/2026 17:55:00,0.41433534422470625
06/17/2026 17:56:00,0.4119812583356297
06/17/2026 17:57:00,0.4167301820814269
06/17/2026 17:58:00,0.4139950188001105
06/17/2026 17:59:00,0.4136360499620454
06/17/2026 18:00:00,0.41570860250129665
06/17/2026 18:01:00,0.416900080801057
06/17/2026 18:02:00,0.41377882093055357
06/17/2026 18:03:00,0.42096732777232576
06/17/2026 18:04:00,0.41519336441068144
06/17/2026 18:05:00,0.412601496874356
06/17/2026 18:06:00,0.412552578281787
06/17/2026 18:07:00,0.41478098401494706
06/17/2026 18:08:00,0.41292226496859336
06/17/2026 18:09:00,0.4116339538662811
06/17/2026 18:10:00,0.41226935600777415
06/17/2026 18:11:00,0.4141989017955801
06/17/2026 18:12:00,0.41368247712238143
06/17/2026 18:13:00,0.4194771703608398
06/17/2026 18:14:00,0.44068713480463517
06/17/2026 18:15:00,0.45512566405349314
06/17/2026 18:16:00,0.4626666702331962
06/17/2026 18:17:00,0.474200900816937
06/17/2026 18:18:00,0.47681235109136183
06/17/2026 18:19:00,0.48699804729652163
06/17/2026 18:20:00,0.4896561426980371
06/17/2026 18:21:00,0.47580368417429614
06/17/2026 18:22:00,0.47634191005835913
06/17/2026 18:23:00,0.4843461633292705
06/17/2026 18:24:00,0.48208479307369273
06/17/2026 18:25:00,0.48122744201815876
06/17/2026 18:26:00,0.4869702562732341
06/17/2026 18:27:00,0.47840186750875263
06/17/2026 18:28:00,0.48613541111730296
06/17/2026 18:29:00,0.4801510165303437
06/17/2026 18:30:00,0.4867414811458841
06/17/2026 18:31:00,0.47513742449836444
06/17/2026 18:32:00,0.4842006223452092
06/17/2026 18:33:00,0.4867457937400236
06/17/2026 18:34:00,0.4877838720744497
06/17/2026 18:35:00,0.4814787319778189
06/17/2026 18:36:00,0.4820447938711007
06/17/2026 18:37:00,0.48159244184168026
06/17/2026 18:38:00,0.47619568010385355
06/17/2026 18:39:00,0.48795828348974624
06/17/2026 18:40:00,0.48413965378221113
06/17/2026 18:41:00,0.488472757273425
06/17/2026 18:42:00,0.48405877460493485
06/17/2026 18:43:00,0.4795722232124494
06/17/2026 18:44:00,0.4778241508723914
06/17/2026 18:45:00,0.47930324066328783
06/17/2026 18:46:00,0.4846480609468277
06/17/2026 18:47:00,0.47960322559757523
06/17/2026 18:48:00,0.4842637050659264
06/17/2026 18:49:00,0.4897021902310046
06/17/2026 18:50:00,0.48543208888888884
06/17/2026 18:51:00,0.49444114967057307
06/17/2026 18:52:00,0.4917024244915018
06/17/2026 18:53:00,0.48139678660276164
06/17/2026 18:54:00,0.4833398451983899
06/17/2026 18:55:00,0.48689001386321623
06/17/2026 18:56:00,0.48563842399388335
06/17/2026 18:57:00,0.4583480521789322
06/17/2026 18:58:00,0.4307382279563957
06/17/2026 18:59:00,0.42052044471981276
06/17/2026 19:00:00,0.41551850030639337
06/17/2026 19:01:00,0.42090010839958514
06/17/2026 19:02:00,0.41695417581510535
06/17/2026 19:03:00,0.4230132284093297
06/17/2026 19:04:00,0.40813489240901607
06/17/2026 19:05:00,0.41438849086884344
06/17/2026 19:06:00,0.41656071422623175
06/17/2026 19:07:00,0.41638314643545277
06/17/2026 19:08:00,0.42609867917896815
06/17/2026 19:09:00,0.4206615479997691
06/17/2026 19:10:00,0.4214603706536857
06/17/2026 19:11:00,0.42618425015843747
06/17/2026 19:12:00,0.47802207487079207
06/17/2026 19:13:00,0.5019539604508055
06/17/2026 19:14:00,0.5167291475454857
06/17/2026 19:15:00,0.5307944572283265
06/17/2026 19:16:00,0.5357718479739384
06/17/2026 19:17:00,0.5431822325101465
06/17/2026 19:18:00,0.5536014829109509
06/17/2026 19:19:00,0.5548911536719883
06/17/2026 19:20:00,0.5550594667223033
06/17/2026 19:21:00,0.5474720785571142
06/17/2026 19:22:00,0.5568220671823819
06/17/2026 19:23:00,0.5474769535677707
06/17/2026 19:24:00,0.5578005939330665
06/17/2026 19:25:00,0.5545079060708613
06/17/2026 19:26:00,0.5552826746401502
06/17/2026 19:27:00,0.5490236128987709
06/17/2026 19:28:00,0.5483133751625042
06/17/2026 19:29:00,0.553662550222662
06/17/2026 19:30:00,0.5531531355686139
06/17/2026 19:31:00,0.5511123463532664
06/17/2026 19:32:00,0.5527806179930796
06/17/2026 19:33:00,0.5513531384848693
06/17/2026 19:34:00,0.5595068274605954
06/17/2026 19:35:00,0.5623146502913401
06/17/2026 19:36:00,0.5431463888857258
06/17/2026 19:37:00,0.5525165583609272
06/17/2026 19:38:00,0.5503721139842899
06/17/2026 19:39:00,0.5508714896580253
06/17/2026 19:40:00,0.5564960273399359
06/17/2026 19:41:00,0.5489549197831607
06/17/2026 19:42:00,0.5501151461304921
06/17/2026 19:43:00,0.5570703750087357
06/17/2026 19:44:00,0.5583016762569832
06/17/2026 19:45:00,0.5411939959388115
06/17/2026 19:46:00,0.5530326365966882
06/17/2026 19:47:00,0.5602984553005772
06/17/2026 19:48:00,0.5501039988979958
06/17/2026 19:49:00,0.5494220278080698
06/17/2026 19:50:00,0.5607956531745113
06/17/2026 19:51:00,0.5623880601160862
06/17/2026 19:52:00,0.5613061178830854
06/17/2026 19:53:00,0.5605379223624013
06/17/2026 19:54:00,0.5501008471486356
06/17/2026 19:55:00,0.5577535193852199
06/17/2026 19:56:00,0.5584295188679246
06/17/2026 19:57:00,0.5561992265049804
06/17/2026 19:58:00,0.5441646494923682
06/17/2026 19:59:00,0.5494526844949423
06/17/2026 20:00:00,0.5441642620123204
06/17/2026 20:01:00,0.5460230356555128
06/17/2026 20:02:00,0.5533009873838903
06/17/2026 20:03:00,0.5586684316385762
06/17/2026 20:04:00,0.5526613136250347
06/17/2026 20:05:00,0.5460734308589729
06/17/2026 20:06:00,0.5563590881045024
06/17/2026 20:07:00,0.5593480569296987
06/17/2026 20:08:00,0.5600274018382143
06/17/2026 20:09:00,0.5598233480540988
06/17/2026 20:10:00,0.5626004508928573
06/17/2026 20:11:00,0.5568695678398896
06/17/2026 20:12:00,0.5614747876173913
06/17/2026 20:13:00,0.5481210721873215
06/17/2026 20:14:00,0.5482251370855392
06/17/2026 20:15:00,0.5449010741021575
06/17/2026 20:16:00,0.552776723419041
06/17/2026 20:17:00,0.5487720221640969
06/17/2026 20:18:00,0.5484673205752593
06/17/2026 20:19:00,0.5552836032930999
06/17/2026 20:20:00,0.557046560541559
06/17/2026 20:21:00,0.5489162159521894
06/17/2026 20:22:00,0.5526626944637157
06/17/2026 20:23:00,0.5525117682082525
06/17/2026 20:24:00,0.556798106302127
06/17/2026 20:25:00,0.5640225298004033
06/17/2026 20:26:00,0.5595125820209219
06/17/2026 20:27:00,0.5613403638471796
06/17/2026 20:28:00,0.5602668887962191
06/17/2026 20:29:00,0.553593125631619
06/17/2026 20:30:00,0.5471019805029995
06/17/2026 20:31:00,0.5513838390036875
06/17/2026 20:32:00,0.5555329952224545
06/17/2026 20:33:00,0.5498517428294305
06/17/2026 20:34:00,0.5541653119906867
06/17/2026 20:35:00,0.5511689837950139
06/17/2026 20:36:00,0.5517817742763934
06/17/2026 20:37:00,0.5532341930507296
06/17/2026 20:38:00,0.5572192133915576
06/17/2026 20:39:00,0.5498335546653774
06/17/2026 20:40:00,0.5584186719284766
06/17/2026 20:41:00,0.559627407230599
06/17/2026 20:42:00,0.5560391190624783
06/17/2026 20:43:00,0.5500501276011263
06/17/2026 20:44:00,0.5526265564711584
06/17/2026 20:45:00,0.5533575509427434
06/17/2026 20:46:00,0.5649841053895599
06/17/2026 20:47:00,0.6191944360262852
06/17/2026 20:48:00,0.6406080077333333
06/17/2026 20:49:00,0.49941574644194764
06/17/2026 20:50:00,0.49914130179416233
06/17/2026 20:51:00,0.41210628388096987
06/17/2026 20:52:00,0.5090270011183895
06/17/2026 20:53:00,0.50019252144018
06/17/2026 20:54:00,0.5192213848072439
06/17/2026 20:55:00,0.553466217620157
06/17/2026 20:56:00,0.5098353795017344
06/17/2026 20:57:00,0.8686312794101935
06/17/2026 20:58:00,-183.13811226415092
06/17/2026 20:59:00,2.8397659297834994
06/17/2026 21:00:00,1.9751900093160089
06/17/2026 21:01:00,2.027540298891129
06/17/2026 21:02:00,1.9794679837438425
06/17/2026 21:03:00,2.010832499061131
06/17/2026 21:04:00,1.8911682808590984
06/17/2026 21:05:00,1.9811800574886533
06/17/2026 21:06:00,1.8724268739130432
06/17/2026 21:07:00,1.9983489174443647
06/17/2026 21:08:00,1.9394878917337235
06/17/2026 21:09:00,1.9930408603660064
06/17/2026 21:10:00,2.0494582839537867
06/17/2026 21:11:00,1.8501759060506473
06/17/2026 21:12:00,1.6311947434533551
06/17/2026 21:13:00,1.6791936304073922
06/17/2026 21:14:00,1.577095495264404
06/17/2026 21:15:00,1.602954923559612
06/17/2026 21:16:00,1.5739304667059515
06/17/2026 21:17:00,1.5212700396888394
06/17/2026 21:18:00,1.5779251231122782
06/17/2026 21:19:00,1.658988226718976
06/17/2026 21:20:00,1.6487814728363324
06/17/2026 21:21:00,1.6696033413361169
06/17/2026 21:22:00,1.6211847726582278
06/17/2026 21:23:00,1.632029314995925
06/17/2026 21:24:00,1.5829761848544974
06/17/2026 21:25:00,1.6013296031237485
06/17/2026 21:26:00,1.5881805448399287
06/17/2026 21:27:00,1.5977291985306397
06/17/2026 21:28:00,1.6018348833142202
06/17/2026 21:29:00,1.5985215078344714
06/17/2026 21:30:00,1.6001441385385382
06/17/2026 21:31:00,1.5966839202869667
06/17/2026 21:32:00,1.6153053824667676
06/17/2026 21:33:00,1.619636957240823
06/17/2026 21:34:00,1.0577929793502567
06/17/2026 21:35:00,0.8086377374369323
06/17/2026 21:36:00,0.76068502991082
06/17/2026 21:37:00,0.738043115164916
06/17/2026 21:38:00,0.74223293694362
06/17/2026 21:39:00,0.7346628804696818
06/17/2026 21:40:00,0.7262889220720035
06/17/2026 21:41:00,0.69556135770235
06/17/2026 21:42:00,0.6725454619528618
06/17/2026 21:43:00,0.6284927223352638
06/17/2026 21:44:00,0.6637927022610992
06/17/2026 21:45:00,0.6841019756373937
06/17/2026 21:46:00,0.6824081627551021
06/17/2026 21:47:00,0.6726937400116287
06/17/2026 21:48:00,0.6348113212788261
06/17/2026 21:49:00,0.604434434730359
06/17/2026 21:50:00,0.5900731901100928
06/17/2026 21:51:00,0.5885546604304231
06/17/2026 21:52:00,0.5868478719859711
06/17/2026 21:53:00,0.5852322092259578
06/17/2026 21:54:00,0.5831737567436209
06/17/2026 21:55:00,0.5796406828455519
06/17/2026 21:56:00,0.5694810941704035
06/17/2026 21:57:00,0.5757236274215798
06/17/2026 21:58:00,0.574464772367094
06/17/2026 21:59:00,0.5723857957690929
06/17/2026 22:00:00,0.5949438499534595
06/17/2026 22:01:00,0.6800715653803561
06/17/2026 22:02:00,0.6749687394023627
06/17/2026 22:03:00,0.6854269630436605
06/17/2026 22:04:00,0.6751828553643988
06/17/2026 22:05:00,0.6798071374691953
06/17/2026 22:06:00,0.6780307765527781
06/17/2026 22:07:00,0.6728594876414369
06/17/2026 22:08:00,0.6669036317332357
06/17/2026 22:09:00,0.5669275457779442
06/17/2026 22:10:00,0.5266875121809322
06/17/2026 22:11:00,0.505970898716852
06/17/2026 22:12:00,0.5018181697985441
06/17/2026 22:13:00,0.5018200079058032
06/17/2026 22:14:00,0.5043764763507423
06/17/2026 22:15:00,0.502281179533715
06/17/2026 22:16:00,0.502415273746757
06/17/2026 22:17:00,0.5011882605140187
06/17/2026 22:18:00,0.5036110462184875
06/17/2026 22:19:00,0.5010593944800669
06/17/2026 22:20:00,0.4990336572809063
06/17/2026 22:21:00,0.4986074925104022
06/17/2026 22:22:00,0.4986757017074186
06/17/2026 22:23:00,0.4992321953059513
06/17/2026 22:24:00,0.499880611774461
06/17/2026 22:25:00,0.5036694954792044
06/17/2026 22:26:00,0.5023017646370024
06/17/2026 22:27:00,0.49803247680133284
06/17/2026 22:28:00,0.49957097621233615
06/17/2026 22:29:00,0.4985860486304206
06/17/2026 22:30:00,0.4987307297597556
06/17/2026 22:31:00,0.4994275234916132
06/17/2026 22:32:00,0.5005141929883139
06/17/2026 22:33:00,0.4992526156784587
06/17/2026 22:34:00,0.5041860411032991
06/17/2026 22:35:00,0.4965792176922543
06/17/2026 22:36:00,0.49474644433900705
06/17/2026 22:37:00,0.4980135146359771
06/17/2026 22:38:00,0.5030315785072131
06/17/2026 22:39:00,0.5017018121510125
06/17/2026 22:40:00,0.5041196954280964
06/17/2026 22:41:00,0.5027705129529364
06/17/2026 22:42:00,0.5050083322774259
06/17/2026 22:43:00,0.5019836681113519
06/17/2026 22:44:00,0.49015135793765985
06/17/2026 22:45:00,0.497356906226431
06/17/2026 22:46:00,0.5027955444809967
06/17/2026 22:47:00,0.49954280160186887
06/17/2026 22:48:00,0.4973628341541235
06/17/2026 22:49:00,0.5010989070929072
06/17/2026 22:50:00,0.4957816377171216
06/17/2026 22:51:00,0.49948383412678526
06/17/2026 22:52:00,0.498039671549343
06/17/2026 22:53:00,0.5007647908961594
06/17/2026 22:54:00,0.5037778273705279
06/17/2026 22:55:00,0.501915150197903
06/17/2026 22:56:00,0.5071701751190574
06/17/2026 22:57:00,0.5049654363288082
06/17/2026 22:58:00,0.5045159100149975
06/17/2026 22:59:00,0.49739544653041834
06/17/2026 23:00:00,0.49362839832985383
06/17/2026 23:01:00,0.49685230458378554
06/17/2026 23:02:00,0.500906200300953
06/17/2026 23:03:00,0.49967330523429115
06/17/2026 23:04:00,0.4941785668768669
06/17/2026 23:05:00,0.49785256909620984
06/17/2026 23:06:00,0.49656413336667504
06/17/2026 23:07:00,0.5020759008125995
06/17/2026 23:08:00,0.4975799966666667
06/17/2026 23:09:00,0.49853064679789305
06/17/2026 23:10:00,0.5012422915903413
06/17/2026 23:11:00,0.5047216010579064
06/17/2026 23:12:00,0.504475168183397
06/17/2026 23:13:00,0.5050459128402071
06/17/2026 23:14:00,0.5013218238126869
06/17/2026 23:15:00,0.500330518816831
06/17/2026 23:16:00,0.4949591615830251
06/17/2026 23:17:00,0.497994992481203
06/17/2026 23:18:00,0.4988803318765174
06/17/2026 23:19:00,0.4990301313746766
06/17/2026 23:20:00,0.4979685412195325
06/17/2026 23:21:00,0.4983389878984857
06/17/2026 23:22:00,0.5005873905205348
06/17/2026 23:23:00,0.4997894822055137
06/17/2026 23:24:00,0.5020870020953818
06/17/2026 23:25:00,0.4968438554817276
06/17/2026 23:26:00,0.4987799988333333
06/17/2026 23:27:00,0.5038797044277359
06/17/2026 23:28:00,0.5022281283671434
06/17/2026 23:29:00,0.5020838752524653
06/17/2026 23:30:00,0.49391352597717053
06/17/2026 23:31:00,0.49602801283975323
06/17/2026 23:32:00,0.49602801300650323
06/17/2026 23:33:00,0.4967585914507124
06/17/2026 23:34:00,0.5003995724368944
06/17/2026 23:35:00,0.5010822975081802
06/17/2026 23:36:00,0.49991318530884804
06/17/2026 23:37:00,0.49727348649991715
06/17/2026 23:38:00,0.49742915570646523
06/17/2026 23:39:00,0.49749566691462094
06/17/2026 23:40:00,0.49127220937989247
06/17/2026 23:41:00,0.48618436335555193
06/17/2026 23:42:00,0.483023256621447
06/17/2026 23:43:00,0.48231270472978394
06/17/2026 23:44:00,0.48360153359683783
06/17/2026 23:45:00,0.4809248672125883
06/17/2026 23:46:00,0.4791484735573705
06/17/2026 23:47:00,0.4871438078929766
06/17/2026 23:48:00,0.5157739311730721
06/17/2026 23:49:00,0.532638322213312
06/17/2026 23:50:00,0.5441732847172083
06/17/2026 23:51:00,0.8723746492746247
06/17/2026 23:52:00,4.677763943534726
06/17/2026 23:53:00,0.4341726687535216
06/17/2026 23:54:00,0.9736730013997761
06/17/2026 23:55:00,0.8010092902855832
06/17/2026 23:56:00,1.3898065223482323
06/17/2026 23:57:00,1.4427310496551726
06/17/2026 23:58:00,2.089005028809029
06/17/2026 23:59:00,2.0755425143695017
06/18/2026 00:00:00,1.860746578912901
06/18/2026 00:01:00,1.706628247838617
06/18/2026 00:02:00,1.5747264368385498
06/18/2026 00:03:00,1.5096318819429317
06/18/2026 00:04:00,1.4500815076280043
06/18/2026 00:05:00,1.416154882472826
06/18/2026 00:06:00,1.3888197133344435
06/18/2026 00:07:00,1.3311068896310436
06/18/2026 00:08:00,1.311504434432824
06/18/2026 00:09:00,1.3003304488583627
06/18/2026 00:10:00,1.2606498415162455
06/18/2026 00:11:00,1.210932769052784
06/18/2026 00:12:00,1.175349389459505
06/18/2026 00:13:00,1.122811745787193
06/18/2026 00:14:00,1.0640828587670539
06/18/2026 00:15:00,0.9934487601476015
06/18/2026 00:16:00,0.9257007132479197
06/18/2026 00:17:00,0.8680198498759305
06/18/2026 00:18:00,0.8192692228393257
06/18/2026 00:19:00,0.7359898974844752
06/18/2026 00:20:00,0.732408377044878
06/18/2026 00:21:00,0.708449191807083
06/18/2026 00:22:00,0.6696925269871491
06/18/2026 00:23:00,0.6377965661303518
06/18/2026 00:24:00,0.5961273818825195
06/18/2026 00:25:00,0.5415994795878943
06/18/2026 00:26:00,0.7476923036211698
06/18/2026 00:27:00,0.8573410451358996
06/18/2026 00:28:00,0.9242160926906778
06/18/2026 00:29:00,0.8673395942775901
06/18/2026 00:30:00,0.9468838207026519
06/18/2026 00:31:00,1.1039850120143548
06/18/2026 00:32:00,1.2785289345592212
06/18/2026 00:33:00,1.1703728371168185
06/18/2026 00:34:00,1.1406948623754376
06/18/2026 00:35:00,1.0820420107312585
06/18/2026 00:36:00,1.0394814378314674
06/18/2026 00:37:00,0.9940228456531173
06/18/2026 00:38:00,0.9594168682170541
06/18/2026 00:39:00,0.9336680132253712
06/18/2026 00:40:00,0.8905990765488989
06/18/2026 00:41:00,0.8506774046136946
06/18/2026 00:42:00,0.8069970163528245
06/18/2026 00:43:00,0.7580141116784356
06/18/2026 00:44:00,0.7080231283091591
06/18/2026 00:45:00,0.6955263299441785
06/18/2026 00:46:00,0.6735595865792519
06/18/2026 00:47:00,0.6472996847305851
06/18/2026 00:48:00,0.6201390005914534
06/18/2026 00:49:00,0.593210629060989
06/18/2026 00:50:00,0.5592774881713554
06/18/2026 00:51:00,0.5322286409242931
06/18/2026 00:52:00,0.5030222072285694
06/18/2026 00:53:00,0.47578431835511986
06/18/2026 00:54:00,0.4824968445798369
06/18/2026 00:55:00,0.5073165040133053
06/18/2026 00:56:00,0.5097679851160076
06/18/2026 00:57:00,0.5004904295686414
06/18/2026 00:58:00,0.497945836662165
06/18/2026 00:59:00,0.49566539275405014
06/18/2026 01:00:00,0.49205268305531175
06/18/2026 01:01:00,0.490387123726551
06/18/2026 01:02:00,0.49308967739668264
06/18/2026 01:03:00,0.4905314769230769
06/18/2026 01:04:00,0.48849520836966
06/18/2026 01:05:00,0.4887580242813284
06/18/2026 01:06:00,0.4874371775544389
06/18/2026 01:07:00,0.4837555070904645
06/18/2026 01:08:00,0.46163232325905285
06/18/2026 01:09:00,0.44545860496236417
06/18/2026 01:10:00,0.4331870402879368
06/18/2026 01:11:00,0.4289800228998714
06/18/2026 01:12:00,0.4209490887614837
06/18/2026 01:13:00,0.41916101010660395
06/18/2026 01:14:00,0.41776647306358383
06/18/2026 01:15:00,0.4152970326068204
06/18/2026 01:16:00,0.4187134240413494
06/18/2026 01:17:00,0.4165660803329864
06/18/2026 01:18:00,0.4182452334838485
06/18/2026 01:19:00,0.4182656847158978
06/18/2026 01:20:00,0.4172733059043919
06/18/2026 01:21:00,0.41142151129109755
06/18/2026 01:22:00,0.41770855887312763
06/18/2026 01:23:00,0.41765585383762815
06/18/2026 01:24:00,0.4159689081066076
06/18/2026 01:25:00,0.41288627888005536
06/18/2026 01:26:00,0.41699479930531436
06/18/2026 01:27:00,0.41632789158127936
06/18/2026 01:28:00,0.4162752446924803
06/18/2026 01:29:00,0.41428703374162235
06/18/2026 01:30:00,0.41298206
06/18/2026 01:31:00,0.4128996802585436
06/18/2026 01:32:00,0.4165817850253279
06/18/2026 01:33:00,0.4140298485351023
06/18/2026 01:34:00,0.4090212724776939
06/18/2026 01:35:00,0.4132896381264509
06/18/2026 01:36:00,0.41372001321862006
06/18/2026 01:37:00,0.4067744274602638
06/18/2026 01:38:00,0.40152257447526485
06/18/2026 01:39:00,0.4061726812274613
06/18/2026 01:40:00,0.40616133765707335
06/18/2026 01:41:00,0.40592073414815316
06/18/2026 01:42:00,0.40444170369954535
06/18/2026 01:43:00,0.40627583293798714
06/18/2026 01:44:00,0.04101443643052228
06/18/2026 01:45:00,0.0010952729731252464
06/18/2026 01:46:00,0.0011613683715303448
06/18/2026 01:47:00,0.0011109620287132699
06/18/2026 01:48:00,0.0010655186331225616
06/18/2026 01:49:00,0.0011146261021740594
06/18/2026 01:50:00,0.0011093990755007704
06/18/2026 01:51:00,0.0011083595475537113
06/18/2026 01:52:00,0.0012011344047155648
06/18/2026 01:53:00,0.0011758080864962273
06/18/2026 01:54:00,0.0011567039293125378
06/18/2026 01:55:00,0.001168120056783614
06/18/2026 01:56:00,0.0010569159938613464
06/18/2026 01:57:00,0.0010957861695044232
06/18/2026 01:58:00,0.0011197511664074648
06/18/2026 01:59:00,0.001206030150753769
06/18/2026 02:00:00,0.0011989723094490438
06/18/2026 02:01:00,0.0010597444303204657
06/18/2026 02:02:00,0.0011163408826623843
06/18/2026 02:03:00,0.0010126582278481013
06/18/2026 02:04:00,0.001108362196932212
06/18/2026 02:05:00,0.0011004053425476776
06/18/2026 02:06:00,0.0012082969725448077
06/18/2026 02:07:00,0.001131630648330059
06/18/2026 02:08:00,0.0011563382621697957
06/18/2026 02:09:00,0.0012040133779264214
06/18/2026 02:10:00,0.0012117132278694042
06/18/2026 02:11:00,0.0010937939571259777
06/18/2026 02:12:00,0.0011419508326724823
06/18/2026 02:13:00,0.0011641851377753826
06/18/2026 02:14:00,0.001167262969588551
06/18/2026 02:15:00,0.0011650485436893205
06/18/2026 02:16:00,0.001203771818364208
06/18/2026 02:17:00,0.0011219946571682992
06/18/2026 02:18:00,0.0012200908289839356
06/18/2026 02:19:00,0.0011477151965993625
06/18/2026 02:20:00,0.0011563169164882227
06/18/2026 02:21:00,0.0011334255593187998
06/18/2026 02:22:00,0.0011670156007293848
06/18/2026 02:23:00,0.0010722263588979896
06/18/2026 02:24:00,0.0012064343163538875
06/18/2026 02:25:00,0.001158099323101669
06/18/2026 02:26:00,0.001124372559955382
06/18/2026 02:27:00,0.0011152266145868408
06/18/2026 02:28:00,0.0011059169226659542
06/18/2026 02:29:00,0.00104
06/18/2026 02:30:00,0.0011516928818981606
06/18/2026 02:31:00,0.0011663854201822478
06/18/2026 02:32:00,0.0011435378201310306
06/18/2026 02:33:00,0.0011415736275351789
06/18/2026 02:34:00,0.0011539232053422372
06/18/2026 02:35:00,0.03895710658816933
06/18/2026 02:36:00,0.13430176672017122
06/18/2026 02:37:00,0.1390657197162361
06/18/2026 02:38:00,0.14583047066764163
06/18/2026 02:39:00,0.1521244198102802
06/18/2026 02:40:00,0.16851233678957578
06/18/2026 02:41:00,0.18177998715012011
06/18/2026 02:42:00,0.18903998922849063
06/18/2026 02:43:00,0.19211850070060718
06/18/2026 02:44:00,0.1956395601756629
06/18/2026 02:45:00,0.19571310916017892
06/18/2026 02:46:00,0.20117217987846048
06/18/2026 02:47:00,0.19950411780473098
06/18/2026 02:48:00,0.19971893354748044
06/18/2026 02:49:00,0.20063288390413248
06/18/2026 02:50:00,0.19956370123470463
06/18/2026 02:51:00,0.200514879592384
06/18/2026 02:52:00,0.20135182065436916
06/18/2026 02:53:00,0.19921589218543045
06/18/2026 02:54:00,0.20207136973437081
06/18/2026 02:55:00,0.20261232856564565
06/18/2026 02:56:00,0.199740380996989
06/18/2026 02:57:00,0.2004879739227756
06/18/2026 02:58:00,0.2006281340461076
06/18/2026 02:59:00,0.2035731624898949
06/18/2026 03:00:00,0.20237526350945156
06/18/2026 03:01:00,0.20095558221175416
06/18/2026 03:02:00,0.20066755674232312
06/18/2026 03:03:00,0.20162907788623358
06/18/2026 03:04:00,0.19773719125076333
06/18/2026 03:05:00,0.20235373514906968
06/18/2026 03:06:00,0.20001604116546373
06/18/2026 03:07:00,0.1972229962204098
06/18/2026 03:08:00,0.20095275323656336
06/18/2026 03:09:00,0.20158071294612961
06/18/2026 03:10:00,0.20123747893706295
06/18/2026 03:11:00,0.20324032403216002
06/18/2026 03:12:00,0.20040791641671668
06/18/2026 03:13:00,0.19750455049920018
06/18/2026 03:14:00,0.2017731326479016
06/18/2026 03:15:00,0.20141370378767676
06/18/2026 03:16:00,0.20155580719194074
06/18/2026 03:17:00,0.20093135462658526
06/18/2026 03:18:00,0.20133616389230255
06/18/2026 03:19:00,0.2002980378113879
06/18/2026 03:20:00,0.20194944684866867
06/18/2026 03:21:00,0.20074796313610258
06/18/2026 03:22:00,0.1991683349326936
06/18/2026 03:23:00,0.2028799111171147
06/18/2026 03:24:00,0.20060839211098114
06/18/2026 03:25:00,0.20293435765088397
06/18/2026 03:26:00,0.19938829295212768
06/18/2026 03:27:00,0.20252733427838532
06/18/2026 03:28:00,0.19849527688422172
06/18/2026 03:29:00,0.20165497557963286
06/18/2026 03:30:00,0.19909921433302427
06/18/2026 03:31:00,0.20427548463958237
06/18/2026 03:32:00,0.2047684094935425
06/18/2026 03:33:00,0.2038731338591486
06/18/2026 03:34:00,0.20279244285140025
06/18/2026 03:35:00,0.20198788013468014
06/18/2026 03:36:00,0.19968863306938667
06/18/2026 03:37:00,0.19923865353387463
06/18/2026 03:38:00,0.19691612720988966
06/18/2026 03:39:00,0.20091157006742077
06/18/2026 03:40:00,0.1998265403962906
06/18/2026 03:41:00,0.2018428292748735
06/18/2026 03:42:00,0.19808640523092202
06/18/2026 03:43:00,0.20158452840069824
06/18/2026 03:44:00,0.2010439909861429
06/18/2026 03:45:00,0.20126731071608814
06/18/2026 03:46:00,0.1995273362707791
06/18/2026 03:47:00,0.12487659774156466
06/18/2026 03:48:00,0.0010761736049601418
06/18/2026 03:49:00,0.00105832832230908
06/18/2026 03:50:00,0.0011642689862830379
06/18/2026 03:51:00,0.0009670270633268418
06/18/2026 03:52:00,0.0011021630615640598
06/18/2026 03:53:00,0.0010760869565217392
06/18/2026 03:54:00,0.0011004784688995216
06/18/2026 03:55:00,0.00107791765906771
06/18/2026 03:56:00,0.0011251883685884914
06/18/2026 03:57:00,0.0012185215272136475
06/18/2026 03:58:00,0.00105832832230908
06/18/2026 03:59:00,0.0012048999263672266
06/18/2026 04:00:00,0.0011584098679359122
06/18/2026 04:01:00,0.0010995513983010404
06/18/2026 04:02:00,0.0012107351853097464
06/18/2026 04:03:00,0.0011339359079704189
06/18/2026 04:04:00,0.001154539987973542
06/18/2026 04:05:00,0.0010798780782814844
06/18/2026 04:06:00,0.0011598093831800792
06/18/2026 04:07:00,0.001122787985626144
06/18/2026 04:08:00,0.0011526916149689815
06/18/2026 04:09:00,0.0011609782316581564
06/18/2026 04:10:00,0.0011638714891897353
06/18/2026 04:11:00,0.0011627750487854117
06/18/2026 04:12:00,0.001128526645768025
06/18/2026 04:13:00,0.0011640282923543281
06/18/2026 04:14:00,0.09707756418873505
06/18/2026 04:15:00,0.13392203086626853
06/18/2026 04:16:00,0.14178940839926962
06/18/2026 04:17:00,0.15121901612993874
06/18/2026 04:18:00,0.16383609563409562
06/18/2026 04:19:00,0.17857249020538196
06/18/2026 04:20:00,0.18536280748454642
06/18/2026 04:21:00,0.1923465701296965
06/18/2026 04:22:00,0.19636727600754963
06/18/2026 04:23:00,0.19960873903079762
06/18/2026 04:24:00,0.20050632803662807
06/18/2026 04:25:00,0.2021451070541647
06/18/2026 04:26:00,0.20872821203282915
06/18/2026 04:27:00,0.2331571547867245
06/18/2026 04:28:00,0.24242649687375284
06/18/2026 04:29:00,0.25631258024691356
06/18/2026 04:30:00,0.2555534836818969
06/18/2026 04:31:00,0.2616338028169014
06/18/2026 04:32:00,0.2665384650595883
06/18/2026 04:33:00,0.27222266605829015
06/18/2026 04:34:00,0.28026105234416626
06/18/2026 04:35:00,0.310798775485189
06/18/2026 04:36:00,0.3203009542953397
06/18/2026 04:37:00,0.32690458292601277
06/18/2026 04:38:00,0.3359283855960939
06/18/2026 04:39:00,0.3375060885853395
06/18/2026 04:40:00,0.3396171035980991
06/18/2026 04:41:00,0.337642534841629
06/18/2026 04:42:00,0.3361045746792544
06/18/2026 04:43:00,0.33491204749661707
06/18/2026 04:44:00,0.33923077005494506
06/18/2026 04:45:00,0.3369084148698885
06/18/2026 04:46:00,0.33882065210015605
06/18/2026 04:47:00,0.3382897440032525
06/18/2026 04:48:00,0.3391678598073376
06/18/2026 04:49:00,0.33522736351441984
06/18/2026 04:50:00,0.3325395330232559
06/18/2026 04:51:00,0.33054932443813584
06/18/2026 04:52:00,0.32478362179321063
06/18/2026 04:53:00,0.3246505058195615
06/18/2026 04:54:00,0.3350046334967537
06/18/2026 04:55:00,0.32425805017652726
06/18/2026 04:56:00,0.3239097160311234
06/18/2026 04:57:00,0.30984025201998394
06/18/2026 04:58:00,0.32433273779795685
06/18/2026 04:59:00,0.30705663532440786
06/18/2026 05:00:00,0.31282727398301863
06/18/2026 05:01:00,0.30517512822095355
06/18/2026 05:02:00,0.31614698035259137
06/18/2026 05:03:00,0.2990902529482551
06/18/2026 05:04:00,0.3034421253800933
06/18/2026 05:05:00,0.30283605287902526
06/18/2026 05:06:00,0.2999639806699484
06/18/2026 05:07:00,0.29738040815514666
06/18/2026 05:08:00,0.2993117511260585
06/18/2026 05:09:00,0.3056739515408139
06/18/2026 05:10:00,0.33361394146105466
06/18/2026 05:11:00,0.33409482118431055
06/18/2026 05:12:00,0.3359838016003085
06/18/2026 05:13:00,0.34819358151627966
06/18/2026 05:14:00,0.33791967238814513
06/18/2026 05:15:00,0.32132992046860825
06/18/2026 05:16:00,0.28155472110886515
06/18/2026 05:17:00,0.2627021426675131
06/18/2026 05:18:00,0.2546499707702051
06/18/2026 05:19:00,0.2465782500442087
06/18/2026 05:20:00,0.24206651997638262
06/18/2026 05:21:00,0.24340150173424233
06/18/2026 05:22:00,0.23774947086577022
06/18/2026 05:23:00,0.23945643318631543
06/18/2026 05:24:00,0.23665620094191522
06/18/2026 05:25:00,0.2378811382354684
06/18/2026 05:26:00,0.23572184892340278
06/18/2026 05:27:00,0.24099620754376466
06/18/2026 05:28:00,0.23843239736357696
06/18/2026 05:29:00,0.2374339181269181
06/18/2026 05:30:00,0.23869611414925374
06/18/2026 05:31:00,0.2405331743020114
06/18/2026 05:32:00,0.24714956773794808
06/18/2026 05:33:00,0.24071273609503197
06/18/2026 05:34:00,0.244978519209525
06/18/2026 05:35:00,0.24441807667731627
06/18/2026 05:36:00,0.25057353642265506
06/18/2026 05:37:00,0.25034714171954703
06/18/2026 05:38:00,0.2548329554019106
06/18/2026 05:39:00,0.2541335862025713
06/18/2026 05:40:00,0.2508900229684184
06/18/2026 05:41:00,0.2549113778031891
06/18/2026 05:42:00,0.2528306620854873
06/18/2026 05:43:00,0.25468867540739953
06/18/2026 05:44:00,0.2488995226643163
06/18/2026 05:45:00,0.2514878259879861
06/18/2026 05:46:00,0.2505098445229682
06/18/2026 05:47:00,0.2545809248438995
06/18/2026 05:48:00,0.26042553333764473
06/18/2026 05:49:00,0.2506455272429848
06/18/2026 05:50:00,0.2591287362114996
06/18/2026 05:51:00,0.24986284179667057
06/18/2026 05:52:00,0.2579990361329693
06/18/2026 05:53:00,0.2572054564674226
06/18/2026 05:54:00,0.2588743251092264
06/18/2026 05:55:00,0.26055890165520207
06/18/2026 05:56:00,0.26060519950754873
06/18/2026 05:57:00,0.2581822859165808
06/18/2026 05:58:00,0.25911435241957287
06/18/2026 05:59:00,0.2555346776476644
06/18/2026 06:00:00,0.25565552570694083
06/18/2026 06:01:00,0.2530693086340892
06/18/2026 06:02:00,0.2619501825911593
06/18/2026 06:03:00,0.25660699770237777
06/18/2026 06:04:00,0.2615533234564678
06/18/2026 06:05:00,0.2586011951547779
06/18/2026 06:06:00,0.25607532933875454
06/18/2026 06:07:00,0.25853891237346055
06/18/2026 06:08:00,0.26376518523868936
06/18/2026 06:09:00,0.2556360562539953
06/18/2026 06:10:00,0.26232923771406075
06/18/2026 06:11:00,0.2660405775616301
06/18/2026 06:12:00,0.2920951609708972
06/18/2026 06:13:00,0.29926585361512786
06/18/2026 06:14:00,0.3047897311760262
06/18/2026 06:15:00,0.3041363609848485
06/18/2026 06:16:00,0.33503607031910054
06/18/2026 06:17:00,0.36279337876969847
06/18/2026 06:18:00,0.38209071695367447
06/18/2026 06:19:00,0.3916496332522303
06/18/2026 06:20:00,0.4000762084921067
06/18/2026 06:21:00,0.40369976246214284
06/18/2026 06:22:00,0.4067563074778617
06/18/2026 06:23:00,0.41074183926805147
06/18/2026 06:24:00,0.41037189411684133
06/18/2026 06:25:00,0.40444158404512487
06/18/2026 06:26:00,0.4049336403003084
06/18/2026 06:27:00,0.40590952871350655
06/18/2026 06:28:00,0.405865561423497
06/18/2026 06:29:00,0.40094841413008653
06/18/2026 06:30:00,0.39693932959820716
06/18/2026 06:31:00,0.3957463177450352
06/18/2026 06:32:00,0.39616728280724245
06/18/2026 06:33:00,0.39807830683001033
06/18/2026 06:34:00,0.3979038432692308
06/18/2026 06:35:00,0.40242229904418153
06/18/2026 06:36:00,0.4001830795812118
06/18/2026 06:37:00,0.3974981916446155
06/18/2026 06:38:00,0.4009025477676429
06/18/2026 06:39:00,0.4002137910208445
06/18/2026 06:40:00,0.39973802683706067
06/18/2026 06:41:00,0.4023716096466629
06/18/2026 06:42:00,0.3985472001598995
06/18/2026 06:43:00,0.4007476653087307
06/18/2026 06:44:00,0.39985282066869304
06/18/2026 06:45:00,0.3981690789350771
06/18/2026 06:46:00,0.39951952272272273
06/18/2026 06:47:00,0.3979310319284802
06/18/2026 06:48:00,0.4007503625140291
06/18/2026 06:49:00,0.40097982548831257
06/18/2026 06:50:00,0.3993669029576339
06/18/2026 06:51:00,0.3999296278288684
06/18/2026 06:52:00,0.4024067357935553
06/18/2026 06:53:00,0.40077483438725686
06/18/2026 06:54:00,0.4003592606255012
06/18/2026 06:55:00,0.39926275839410214
06/18/2026 06:56:00,0.4014478449312141
06/18/2026 06:57:00,0.4038602164155178
06/18/2026 06:58:00,0.40196201306231255
06/18/2026 06:59:00,0.40460329812469953
06/18/2026 07:00:00,0.40354237975021706
06/18/2026 07:01:00,0.4018577853939782
06/18/2026 07:02:00,0.4015264473947562
06/18/2026 07:03:00,0.39751560252921403
06/18/2026 07:04:00,0.39907380543495746
06/18/2026 07:05:00,0.3959038726301737
06/18/2026 07:06:00,0.39383091129934467
06/18/2026 07:07:00,0.3940121297478455
06/18/2026 07:08:00,0.39813804077046555
06/18/2026 07:09:00,0.3978932114010437
06/18/2026 07:10:00,0.3992136215136258
06/18/2026 07:11:00,0.4002245959733697
06/18/2026 07:12:00,0.3981814501699886
06/18/2026 07:13:00,0.4005194819624819
06/18/2026 07:14:00,0.398031002077673
06/18/2026 07:15:00,0.40362670231097514
06/18/2026 07:16:00,0.39935999759999996
06/18/2026 07:17:00,0.3972374111173139
06/18/2026 07:18:00,0.398719587227913
06/18/2026 07:19:00,0.3991534939726762
06/18/2026 07:20:00,0.3999999990359122
06/18/2026 07:21:00,0.3993403279160996
06/18/2026 07:22:00,0.39948201582733817
06/18/2026 07:23:00,0.40025005866794894
06/18/2026 07:24:00,0.39727272541201486
06/18/2026 07:25:00,0.39981447373050777
06/18/2026 07:26:00,0.40061361585170985
06/18/2026 07:27:00,0.40094050287907873
06/18/2026 07:28:00,0.3990929407537528
06/18/2026 07:29:00,0.40031287556868067
06/18/2026 07:30:00,0.4047317336727176
06/18/2026 07:31:00,0.4052858952718518
06/18/2026 07:32:00,0.40321842773734307
06/18/2026 07:33:00,0.4055604710057587
06/18/2026 07:34:00,0.4033755849510669
06/18/2026 07:35:00,0.4011318780032034
06/18/2026 07:36:00,0.39997439952
06/18/2026 07:37:00,0.39926267107460095
06/18/2026 07:38:00,0.39680769022435897
06/18/2026 07:39:00,0.39531563535734343
06/18/2026 07:40:00,0.3970979104333868
06/18/2026 07:41:00,0.3994160601588193
06/18/2026 07:42:00,0.3996894010308588
06/18/2026 07:43:00,0.40068558864488485
06/18/2026 07:44:00,0.39888621939510327
06/18/2026 07:45:00,0.4005064880589838
06/18/2026 07:46:00,0.4055507160918378
06/18/2026 07:47:00,0.40108354646640737
06/18/2026 07:48:00,0.400686114299455
06/18/2026 07:49:00,0.4019729863584437
06/18/2026 07:50:00,0.4004952932379191
06/18/2026 07:51:00,0.6771486779814437
06/18/2026 07:52:00,-32.362597168831165
06/18/2026 07:53:00,-199.38239752
06/18/2026 07:54:00,-227.48727145454544
06/18/2026 07:55:00,-199.72799942857142
06/18/2026 07:56:00,-199.15199951999998
06/18/2026 07:57:00,-207.24000041666667
06/18/2026 07:58:00,-237.60000180952383
06/18/2026 07:59:00,-217.18956721739136
06/18/2026 08:00:00,1.0408167617234816
06/18/2026 08:01:00,0.3601294525710176
06/18/2026 08:02:00,0.3569442667537247
06/18/2026 08:03:00,0.3787424559859155
06/18/2026 08:04:00,0.39519474112310343
06/18/2026 08:05:00,0.40142505320079525
06/18/2026 08:06:00,0.40485792516961117
06/18/2026 08:07:00,0.3898080261133734
06/18/2026 08:08:00,0.38024262043183027
06/18/2026 08:09:00,0.37522048598272467
06/18/2026 08:10:00,0.3729617309430552
06/18/2026 08:11:00,0.37127789181879656
06/18/2026 08:12:00,0.37373081893906185
06/18/2026 08:13:00,0.37445403212007505
06/18/2026 08:14:00,0.3717796885225428
06/18/2026 08:15:00,0.372943457705505
06/18/2026 08:16:00,0.3727528982162904
06/18/2026 08:17:00,0.37178195377749446
06/18/2026 08:18:00,0.3705441613143027
06/18/2026 08:19:00,0.373809912659837
06/18/2026 08:20:00,0.37365591412783755
06/18/2026 08:21:00,0.37475190314409174
06/18/2026 08:22:00,0.3741370352609309
06/18/2026 08:23:00,0.3738101926244713
06/18/2026 08:24:00,0.3715417318586055
06/18/2026 08:25:00,0.36905087920261825
06/18/2026 08:26:00,0.3682456367463167
06/18/2026 08:27:00,0.3685191229349606
06/18/2026 08:28:00,0.36740346190264833
06/18/2026 08:29:00,0.37164572172231725
06/18/2026 08:30:00,0.3724322759749926
06/18/2026 08:31:00,0.3687051642387044
06/18/2026 08:32:00,0.36993611858835207
06/18/2026 08:33:00,0.37030707461800916
06/18/2026 08:34:00,0.3708168255805327
06/18/2026 08:35:00,0.37341281758569306
06/18/2026 08:36:00,0.37429661446413887
06/18/2026 08:37:00,0.3738892988573972
06/18/2026 08:38:00,0.37590878217452867
06/18/2026 08:39:00,0.375438490280457
06/18/2026 08:40:00,0.3699491397757215
06/18/2026 08:41:00,0.3689111474878444
06/18/2026 08:42:00,0.36742588846343877
06/18/2026 08:43:00,0.3673451164031008
06/18/2026 08:44:00,0.36604594344282537
06/18/2026 08:45:00,0.37127096347372346
06/18/2026 08:46:00,0.3686239513463324
06/18/2026 08:47:00,0.3691351612044093
06/18/2026 08:48:00,0.3699116881632653
06/18/2026 08:49:00,0.3713114700695479
06/18/2026 08:50:00,0.3706925438115695
06/18/2026 08:51:00,0.3689853825136612
06/18/2026 08:52:00,0.3786132048537836
06/18/2026 08:53:00,0.38633739574008336
06/18/2026 08:54:00,0.39006052508948913
06/18/2026 08:55:00,0.3920441055533675
06/18/2026 08:56:00,0.39604749050131927
06/18/2026 08:57:00,0.39495813804469637
06/18/2026 08:58:00,0.3925060864440078
06/18/2026 08:59:00,0.39669578819168655
06/18/2026 09:00:00,0.40027450127673153
06/18/2026 09:01:00,0.209085582297522
06/18/2026 09:02:00,0.1898456428401805
06/18/2026 09:03:00,0.25534516633489923
06/18/2026 09:04:00,0.43492593699982973
06/18/2026 09:05:00,0.5567771186332936
06/18/2026 09:06:00,0.5564816100296404
06/18/2026 09:07:00,0.4924038407738095
06/18/2026 09:08:00,0.45652112383679316
06/18/2026 09:09:00,0.4400584870397448
06/18/2026 09:10:00,0.42345323741007196
06/18/2026 09:11:00,0.41282905438331086
06/18/2026 09:12:00,0.4087897962390867
06/18/2026 09:13:00,0.3978139196214343
06/18/2026 09:14:00,0.4015729124468342
06/18/2026 09:15:00,0.3987887539854202
06/18/2026 09:16:00,0.3948055256389903
06/18/2026 09:17:00,0.40130910361478106
06/18/2026 09:18:00,0.40032763398377896
06/18/2026 09:19:00,0.39713829032258063
06/18/2026 09:20:00,0.399680511341853
06/18/2026 09:21:00,0.344266116859648
06/18/2026 09:22:00,0.2970287538604899
06/18/2026 09:23:00,0.2724185490289338
06/18/2026 09:24:00,0.26125531833159205
06/18/2026 09:25:00,0.25446828759746
06/18/2026 09:26:00,0.24439578273276263
06/18/2026 09:27:00,0.24124570246745985
06/18/2026 09:28:00,0.24107554273367482
06/18/2026 09:29:00,0.24038477338677355
06/18/2026 09:30:00,0.2388289894416893
06/18/2026 09:31:00,0.24130821210420844
06/18/2026 09:32:00,0.241638286379698
06/18/2026 09:33:00,0.2388330099247319
06/18/2026 09:34:00,0.24020876855135492
06/18/2026 09:35:00,0.2385819177579048
06/18/2026 09:36:00,0.2404349535508122
06/18/2026 09:37:00,0.24015357734762435
06/18/2026 09:38:00,0.23948325311004784
06/18/2026 09:39:00,0.2391935306982572
06/18/2026 09:40:00,0.24516441505480338
06/18/2026 09:41:00,0.2427106859586981
06/18/2026 09:42:00,0.24294513779274945
06/18/2026 09:43:00,0.24148100753325852
06/18/2026 09:44:00,0.2385989597760896
06/18/2026 09:45:00,0.2393070303176131
06/18/2026 09:46:00,0.24164053129607294
06/18/2026 09:47:00,0.23626883201785856
06/18/2026 09:48:00,0.2372629330887631
06/18/2026 09:49:00,0.2394427991353775
06/18/2026 09:50:00,0.24125593382175348
06/18/2026 09:51:00,0.24100152427574031
06/18/2026 09:52:00,0.24532019688013137
06/18/2026 09:53:00,0.257367748606705
06/18/2026 09:54:00,0.2625851473071325
06/18/2026 09:55:00,0.26506610823197607
06/18/2026 09:56:00,0.2642242584626234
06/18/2026 09:57:00,0.26852167435598245
06/18/2026 09:58:00,0.2746043491834341
06/18/2026 09:59:00,0.2730989314072862
06/18/2026 10:00:00,0.27012189399548536
