Timestamp,LEVEL_OF_LTR_1618 (mm)
06/16/2026 10:01:00,508179.8483072099
06/16/2026 10:02:00,508139.578605032
06/16/2026 10:03:00,508047.540369808
06/16/2026 10:04:00,507932.49769448803
06/16/2026 10:05:00,507771.432470448
06/16/2026 10:06:00,507679.3874009601
06/16/2026 10:07:00,507690.89303813997
06/16/2026 10:08:00,507587.328690896
06/16/2026 10:09:00,507449.24746006395
06/16/2026 10:10:00,507403.218091056
06/16/2026 10:11:00,507196.1167196479
06/16/2026 10:12:00,507029.28504342993
06/16/2026 10:13:00,507058.0491293919
06/16/2026 10:14:00,506943.00644009595
06/16/2026 10:15:00,506966.0108801919
06/16/2026 10:16:00,506885.4816992799
06/16/2026 10:17:00,506827.92964935995
06/16/2026 10:18:00,506551.77398003195
06/16/2026 10:19:00,506390.70876996784
06/16/2026 10:20:00,506425.22225039994
06/16/2026 10:21:00,506413.7200443279
06/16/2026 10:22:00,506166.36256939
06/16/2026 10:23:00,506298.67736900796
06/16/2026 10:24:00,506160.60977875197
06/16/2026 10:25:00,505993.7780990399
06/16/2026 10:26:00,505976.519639776
06/16/2026 10:27:00,505838.43840894394
06/16/2026 10:28:00,505723.375258784
06/16/2026 10:29:00,505591.04683606
06/16/2026 10:30:00,505654.32782307995
06/16/2026 10:31:00,505516.26020487194
06/16/2026 10:32:00,505447.24007827195
06/16/2026 10:33:00,505263.16356589587
06/16/2026 10:34:00,505194.13660503196
06/16/2026 10:35:00,505015.79932308
06/16/2026 10:36:00,504917.9741293919
06/16/2026 10:37:00,504848.94033426396
06/16/2026 10:38:00,504848.947168528
06/16/2026 10:39:00,504699.36030401
06/16/2026 10:40:00,504664.84338897595
06/16/2026 10:41:00,504549.78705910395
06/16/2026 10:42:00,504440.48351987
06/16/2026 10:43:00,504319.681219648
06/16/2026 10:44:00,504365.69690615195
06/16/2026 10:45:00,504181.63239916
06/16/2026 10:46:00,504112.60030910396
06/16/2026 10:47:00,503893.98304911994
06/16/2026 10:48:00,503836.45147403993
06/16/2026 10:49:00,503882.4740087839
06/16/2026 10:50:00,503767.40402435994
06/16/2026 10:51:00,503663.85332468
06/16/2026 10:52:00,503560.30262499995
06/16/2026 10:53:00,503468.25756948796
06/16/2026 10:54:00,503376.21249999997
06/16/2026 10:55:00,503399.22377436
06/16/2026 10:56:00,503347.44842452
06/16/2026 10:57:00,503307.178718848
06/16/2026 10:58:00,503146.1066884959
06/16/2026 10:59:00,503123.088607824
06/16/2026 11:00:00,502944.71714406996
06/16/2026 11:01:00,502846.926104232
06/16/2026 11:02:00,502777.892309104
06/16/2026 11:03:00,502829.66935003997
06/16/2026 11:04:00,502938.96432548
06/16/2026 11:05:00,502829.66082468
06/16/2026 11:06:00,502800.910389776
06/16/2026 11:07:00,502639.85199999996
06/16/2026 11:08:00,502657.10191294
06/16/2026 11:09:00,502639.85199999996
06/16/2026 11:10:00,502369.46963108995
06/16/2026 11:11:00,502432.75060064
06/16/2026 11:12:00,502202.637954872
06/16/2026 11:13:00,502196.8766004399
06/16/2026 11:14:00,501995.516094648
06/16/2026 11:15:00,501966.7468759999
06/16/2026 11:16:00,501857.4484764399
06/16/2026 11:17:00,501719.38088618394
06/16/2026 11:18:00,501696.3764460879
06/16/2026 11:19:00,501650.35902656
06/16/2026 11:20:00,501650.360745608
06/16/2026 11:21:00,501477.7830990399
06/16/2026 11:22:00,501466.27746884787
06/16/2026 11:23:00,501305.19857628
06/16/2026 11:24:00,501161.34407997
06/16/2026 11:25:00,501259.162414936
06/16/2026 11:26:00,500959.99547124805
06/16/2026 11:27:00,500988.7595572099
06/16/2026 11:28:00,500798.916606632
06/16/2026 11:29:00,500816.17505191994
06/16/2026 11:30:00,500660.8490443281
06/16/2026 11:31:00,500522.795094648
06/16/2026 11:32:00,500499.78723742
06/16/2026 11:33:00,500315.707335864
06/16/2026 11:34:00,500068.30042432
06/16/2026 11:35:00,500039.54484624794
06/16/2026 11:36:00,499970.51105111995
06/16/2026 11:37:00,499866.96036890993
06/16/2026 11:38:00,499786.4209400961
06/16/2026 11:39:00,499579.32806959003
06/16/2026 11:40:00,499533.3106465679
06/16/2026 11:41:00,499579.32806959003
06/16/2026 11:42:00,499372.21132108796
06/16/2026 11:43:00,499188.10073522397
06/16/2026 11:44:00,499090.30458016996
06/16/2026 11:45:00,499073.05804592796
06/16/2026 11:46:00,498981.0130043919
06/16/2026 11:47:00,498773.92527356
06/16/2026 11:48:00,498773.92525958404
06/16/2026 11:49:00,498796.93651996803
06/16/2026 11:50:00,498572.57667532
06/16/2026 11:51:00,498520.79450519197
06/16/2026 11:52:00,498405.724534744
06/16/2026 11:53:00,498336.683919328
06/16/2026 11:54:00,498141.0813543299
06/16/2026 11:55:00,498198.616329072
06/16/2026 11:56:00,498014.519369808
06/16/2026 11:57:00,497945.50604952
06/16/2026 11:58:00,497876.4722543919
06/16/2026 11:59:00,497709.65421875
06/16/2026 12:00:00,497646.36641493597
06/16/2026 12:01:00,497439.23772044794
06/16/2026 12:02:00,497537.04411991
06/16/2026 12:03:00,497462.248980832
06/16/2026 12:04:00,497508.27833586396
06/16/2026 12:05:00,497565.81673822005
06/16/2026 12:06:00,497462.248980832
06/16/2026 12:07:00,497462.25581509597
06/16/2026 12:08:00,497335.68703125
06/16/2026 12:09:00,497209.12507468
06/16/2026 12:10:00,497048.05303035193
06/16/2026 12:11:00,497025.04175599193
06/16/2026 12:12:00,496846.72320187994
06/16/2026 12:13:00,496794.9427508
06/16/2026 12:14:00,496633.850259584
06/16/2026 12:15:00,496564.8232987199
06/16/2026 12:16:00,496415.24494908
06/16/2026 12:17:00,496380.705878592
06/16/2026 12:18:00,496380.6990583039
06/16/2026 12:19:00,496271.40748601995
06/16/2026 12:20:00,496150.6068454479
06/16/2026 12:21:00,496058.56177595997
06/16/2026 12:22:00,496041.30333766
06/16/2026 12:23:00,496012.54607548
06/16/2026 12:24:00,495897.469270768
06/16/2026 12:25:00,495690.374705672
06/16/2026 12:26:00,495581.0865505199
06/16/2026 12:27:00,495552.27982028795
06/16/2026 12:28:00,495598.302355032
06/16/2026 12:29:00,495696.13436201995
06/16/2026 12:30:00,495724.8899121399
06/16/2026 12:31:00,495667.3498047119
06/16/2026 12:32:00,495644.33172404
06/16/2026 12:33:00,495736.39042012795
06/16/2026 12:34:00,495782.43513128994
06/16/2026 12:35:00,495621.327283944
06/16/2026 12:36:00,495782.46072484
06/16/2026 12:37:00,495805.451510384
06/16/2026 12:38:00,495736.38359983993
06/16/2026 12:39:00,495724.89843749994
06/16/2026 12:40:00,495713.3996345839
06/16/2026 12:41:00,495713.37232547987
06/16/2026 12:42:00,495667.3532183499
06/16/2026 12:43:00,495506.264133784
06/16/2026 12:44:00,495391.20777595986
06/16/2026 12:45:00,495178.37233825994
06/16/2026 12:46:00,495138.11115096
06/16/2026 12:47:00,495046.0660954479
06/16/2026 12:48:00,494977.03230031993
06/16/2026 12:49:00,494931.0097655759
06/16/2026 12:50:00,494954.02103993593
06/16/2026 12:51:00,494884.98723083193
06/16/2026 12:52:00,494746.91111870995
06/16/2026 12:53:00,494723.89473961596
06/16/2026 12:54:00,494700.876658944
06/16/2026 12:55:00,494689.37442491995
06/16/2026 12:56:00,494654.854110224
06/16/2026 12:57:00,494723.8879193279
06/16/2026 12:58:00,494689.37442491995
06/16/2026 12:59:00,494516.7728793919
06/16/2026 13:00:00,494470.7503446479
06/16/2026 13:01:00,494344.19690645
06/16/2026 13:02:00,494378.705289136
06/16/2026 13:03:00,494286.667053912
06/16/2026 13:04:00,494309.678314296
06/16/2026 13:05:00,494142.87390176
06/16/2026 13:06:00,494309.67831429595
06/16/2026 13:07:00,494240.651339456
06/16/2026 13:08:00,494240.64453314396
06/16/2026 13:09:00,494194.64243131195
06/16/2026 13:10:00,494142.8653938699
06/16/2026 13:11:00,494056.568034744
06/16/2026 13:12:00,494171.63117092795
06/16/2026 13:13:00,494102.6041960881
06/16/2026 13:14:00,494056.58167532
06/16/2026 13:15:00,494240.658145768
06/16/2026 13:16:00,494171.62436461594
06/16/2026 13:17:00,494171.62946935
06/16/2026 13:18:00,494171.624364616
06/16/2026 13:19:00,494194.635625
06/16/2026 13:20:00,494315.43283097
06/16/2026 13:21:00,494148.61991054396
06/16/2026 13:22:00,494079.5861293919
06/16/2026 13:23:00,494217.640079072
06/16/2026 13:24:00,494229.14911242
06/16/2026 13:25:00,494263.66259983997
06/16/2026 13:26:00,494240.651339456
06/16/2026 13:27:00,494332.68957468
06/16/2026 13:28:00,494114.10131838993
06/16/2026 13:29:00,494148.61991054396
06/16/2026 13:30:00,494194.635625
06/16/2026 13:31:00,494171.62946935
06/16/2026 13:32:00,494194.635625
06/16/2026 13:33:00,494200.39354483
06/16/2026 13:34:00,494332.68276836805
06/16/2026 13:35:00,494217.64688538393
06/16/2026 13:36:00,494142.85688597994
06/16/2026 13:37:00,494286.667053912
06/16/2026 13:38:00,494240.651339456
06/16/2026 13:39:00,494171.63797723997
06/16/2026 13:40:00,494286.673860224
06/16/2026 13:41:00,494263.6557935279
06/16/2026 13:42:00,494257.9131879
06/16/2026 13:43:00,494194.64243131195
06/16/2026 13:44:00,494286.667053912
06/16/2026 13:45:00,494229.14911242
06/16/2026 13:46:00,494194.635625
06/16/2026 13:47:00,494263.6694061521
06/16/2026 13:48:00,494286.67386022396
06/16/2026 13:49:00,494315.43283097
06/16/2026 13:50:00,494217.64688538393
06/16/2026 13:51:00,494315.42432308
06/16/2026 13:52:00,494378.712095448
06/16/2026 13:53:00,494378.71209544793
06/16/2026 13:54:00,494372.95247404
06/16/2026 13:55:00,494424.72780990397
06/16/2026 13:56:00,494309.678314296
06/16/2026 13:57:00,494355.694028752
06/16/2026 13:58:00,494315.43283097
06/16/2026 13:59:00,494263.6557935279
06/16/2026 14:00:00,494315.42432308
06/16/2026 14:01:00,494355.694028752
06/16/2026 14:02:00,494355.694028752
06/16/2026 14:03:00,494309.678314296
06/16/2026 14:04:00,494315.4328309699
06/16/2026 14:05:00,494309.685120608
06/16/2026 14:06:00,494194.64243131195
06/16/2026 14:07:00,494240.651339456
06/16/2026 14:08:00,494114.10982628
06/16/2026 14:09:00,494125.61545647203
06/16/2026 14:10:00,494079.592935704
06/16/2026 14:11:00,493941.51683056995
06/16/2026 14:12:00,493826.44856868795
06/16/2026 14:13:00,493734.3898586239
06/16/2026 14:14:00,493665.35606349603
06/16/2026 14:15:00,493619.33350079996
06/16/2026 14:16:00,493510.02998253
06/16/2026 14:17:00,493481.2659245199
06/16/2026 14:18:00,493458.26147044793
06/16/2026 14:19:00,493452.5018490399
06/16/2026 14:20:00,493366.21641493595
06/16/2026 14:21:00,493343.2051545519
06/16/2026 14:22:00,493251.16179362993
06/16/2026 14:23:00,493136.13105032005
06/16/2026 14:24:00,493021.0747344239
06/16/2026 14:25:00,492906.00473602396
06/16/2026 14:26:00,492721.8804816319
06/16/2026 14:27:00,492819.67494558997
06/16/2026 14:28:00,492698.86922124797
06/16/2026 14:29:00,492836.96410663205
06/16/2026 14:30:00,492767.9234912159
06/16/2026 14:31:00,492721.8804816319
06/16/2026 14:32:00,492560.81529952
06/16/2026 14:33:00,492445.7589975999
06/16/2026 14:34:00,492307.6913654159
06/16/2026 14:35:00,492359.4667362199
06/16/2026 14:36:00,492100.576339456
06/16/2026 14:37:00,492169.62377515994
06/16/2026 14:38:00,492100.57632548
06/16/2026 14:39:00,492008.531255992
06/16/2026 14:40:00,492014.28065744997
06/16/2026 14:41:00,492008.51762939204
06/16/2026 14:42:00,491916.46572564
06/16/2026 14:43:00,491778.4186241999
06/16/2026 14:44:00,491669.12022464
06/16/2026 14:45:00,491364.22948003194
06/16/2026 14:46:00,491226.1618758
06/16/2026 14:47:00,490950.00109475
06/16/2026 14:48:00,490811.924989616
06/16/2026 14:49:00,490604.837244808
06/16/2026 14:50:00,490351.72013099195
06/16/2026 14:51:00,490144.60680660995
06/16/2026 14:52:00,489914.485625
06/16/2026 14:53:00,489741.90113718
06/16/2026 14:54:00,489741.90113718
06/16/2026 14:55:00,489511.80554911995
06/16/2026 14:56:00,489385.2606397759
06/16/2026 14:57:00,489339.23807707994
06/16/2026 14:58:00,489166.61948781996
06/16/2026 14:59:00,488878.96730763995
06/16/2026 15:00:00,488802.2744502133
06/16/2026 15:01:00,488763.92232628
06/16/2026 15:02:00,488648.86602435994
06/16/2026 15:03:00,488457.09410742664
06/16/2026 15:04:00,
06/16/2026 15:05:00,488073.55027356
06/16/2026 15:06:00,487843.47170128
06/16/2026 15:07:00,487843.47170128
06/16/2026 15:08:00,
06/16/2026 15:09:00,487498.30272563995
06/16/2026 15:10:00,487325.7011871
06/16/2026 15:11:00,487239.40041783004
06/16/2026 15:12:00,487153.09964856
06/16/2026 15:13:00,486922.9983419866
06/16/2026 15:14:00,486750.4366234
06/16/2026 15:15:00,486577.8293663467
06/16/2026 15:16:00,486462.77871305996
06/16/2026 15:17:00,
06/16/2026 15:18:00,485945.0252496
06/16/2026 15:19:00,485714.92966153997
06/16/2026 15:20:00,485542.32241613336
06/16/2026 15:21:00,485427.2205990399
06/16/2026 15:22:00,485120.43782548
06/16/2026 15:23:00,485082.08572484
06/16/2026 15:24:00,484851.97305112
06/16/2026 15:25:00,484621.82627596
06/16/2026 15:26:00,
06/16/2026 15:27:00,484391.71360223996
06/16/2026 15:28:00,484219.14620007994
06/16/2026 15:29:00,484219.14620007994
06/16/2026 15:30:00,483931.52242612006
06/16/2026 15:31:00,484104.10694887995
06/16/2026 15:32:00,483931.5224494134
06/16/2026 15:33:00,483854.81822484
06/16/2026 15:34:00,483586.3193490399
06/16/2026 15:35:00,483701.40975239995
06/16/2026 15:36:00,483586.3193490399
06/16/2026 15:37:00,483471.26297723997
06/16/2026 15:38:00,483701.40975239995
06/16/2026 15:39:00,483356.22376098
06/16/2026 15:40:00,483356.20667532
06/16/2026 15:41:00,483241.15037339996
06/16/2026 15:42:00,
06/16/2026 15:43:00,482924.77957468
06/16/2026 15:44:00,482896.0154992
06/16/2026 15:45:00,482550.81235223997
06/16/2026 15:46:00,482263.17156249995
06/16/2026 15:47:00,482090.58707467996
06/16/2026 15:48:00,482176.87931859
06/16/2026 15:49:00,482182.63213019195
06/16/2026 15:50:00,482205.6433766
06/16/2026 15:51:00,482359.05184904
06/16/2026 15:52:00,482320.69974839996
06/16/2026 15:53:00,482090.58707467996
06/16/2026 15:54:00,482090.58707467996
06/16/2026 15:55:00,481802.96330072003
06/16/2026 15:56:00,481572.83357628
06/16/2026 15:57:00,481486.54134984
06/16/2026 15:58:00,481515.30542532
06/16/2026 15:59:00,
06/16/2026 16:00:00,481246.84065095993
06/16/2026 16:01:00,480824.93337259995
06/16/2026 16:02:00,480882.46152356
06/16/2026 16:03:00,480786.5812486666
06/16/2026 16:04:00,480518.1278414533
06/16/2026 16:05:00,480479.79849839996
06/16/2026 16:06:00,480364.7421266
06/16/2026 16:07:00,480364.7421266
06/16/2026 16:08:00,480088.6069600639
06/16/2026 16:09:00,
06/16/2026 16:10:00,479904.4940914533
06/16/2026 16:11:00,479812.43766413594
06/16/2026 16:12:00,479731.89822484
06/16/2026 16:13:00,
06/16/2026 16:14:00,
06/16/2026 16:15:00,479559.32509252
06/16/2026 16:16:00,479290.88309904
06/16/2026 16:17:00,
06/16/2026 16:18:00,479041.54322283994
06/16/2026 16:19:00,478868.9757740933
06/16/2026 16:20:00,478638.86307707994
06/16/2026 16:21:00,478523.80677515996
06/16/2026 16:22:00,478466.2786241999
06/16/2026 16:23:00,478293.72827275994
06/16/2026 16:24:00,478101.9221845067
06/16/2026 16:25:00,477833.46882387996
06/16/2026 16:26:00,477603.35615015996
06/16/2026 16:27:00,477488.29984824
06/16/2026 16:28:00,477143.09670128
06/16/2026 16:29:00,477104.74460063997
06/16/2026 16:30:00,476682.90552515996
06/16/2026 16:31:00,476567.84922324
06/16/2026 16:32:00,476452.79287473334
06/16/2026 16:33:00,476280.19131289993
06/16/2026 16:34:00,475906.24973641994
06/16/2026 16:35:00,475800.7842665067
06/16/2026 16:36:00,475877.47710063995
06/16/2026 16:37:00,475570.6943503733
06/16/2026 16:38:00,475302.17840056005
06/16/2026 16:39:00,475148.78704872006
06/16/2026 16:40:00,474985.79056859
06/16/2026 16:41:00,474726.91380191996
06/16/2026 16:42:00,474381.71072484
06/16/2026 16:43:00,474209.14328773995
06/16/2026 16:44:00,474074.91660742665
06/16/2026 16:45:00,473806.46317691996
06/16/2026 16:46:00,473346.20379791997
06/16/2026 16:47:00,473392.226304712
06/16/2026 16:48:00,473116.12522563996
06/16/2026 16:49:00,473024.0801561519
06/16/2026 16:50:00,472847.66045128
06/16/2026 16:51:00,472770.95625
06/16/2026 16:52:00,472540.80947484
06/16/2026 16:53:00,472195.64902456
06/16/2026 16:54:00,472138.1293989599
06/16/2026 16:55:00,471908.03377596
06/16/2026 16:56:00,471534.0580630999
06/16/2026 16:57:00,471275.1898742
06/16/2026 16:58:00,471073.84981879
06/16/2026 16:59:00,470930.03794928
06/16/2026 17:00:00,470814.99869807996
06/16/2026 17:01:00,470584.8177516
06/16/2026 17:02:00,470469.79555111995
06/16/2026 17:03:00,469894.47980032
06/16/2026 17:04:00,469721.89531249995
06/16/2026 17:05:00,469242.52807441336
06/16/2026 17:06:00,469050.75613418664
06/16/2026 17:07:00,468801.46173822
06/16/2026 17:08:00,468513.8038628199
06/16/2026 17:09:00,468283.72532548
06/16/2026 17:10:00,467823.46589407
06/16/2026 17:11:00,467650.88142372
06/16/2026 17:12:00,467449.5328429499
06/16/2026 17:13:00,467056.42372404
06/16/2026 17:14:00,466787.9418989599
06/16/2026 17:15:00,466557.84627596
06/16/2026 17:16:00,466212.67730032
06/16/2026 17:17:00,465867.47422324
06/16/2026 17:18:00,465867.47422324
06/16/2026 17:19:00,465545.336954872
06/16/2026 17:20:00,465177.1703733999
06/16/2026 17:21:00,465177.1703733999
06/16/2026 17:22:00,464870.3193503733
06/16/2026 17:23:00,464601.87165584986
06/16/2026 17:24:00,464463.800644968
06/16/2026 17:25:00,464295.03772430663
06/16/2026 17:26:00,463796.46029951994
06/16/2026 17:27:00,463969.04478734
06/16/2026 17:28:00,463451.29132387997
06/16/2026 17:29:00,463393.75461262005
06/16/2026 17:30:00,462876.00967451994
06/16/2026 17:31:00,462876.00967451994
06/16/2026 17:32:00,462703.40813598
06/16/2026 17:33:00,
06/16/2026 17:34:00,462262.34179978666
06/16/2026 17:35:00,462013.08720047993
06/16/2026 17:36:00,461763.77576544
06/16/2026 17:37:00,461610.37298821996
06/16/2026 17:38:00,461226.83482628
06/16/2026 17:39:00,461092.60247403994
06/16/2026 17:40:00,460718.67794828
06/16/2026 17:41:00,460344.7363252133
06/16/2026 17:42:00,460114.62369807996
06/16/2026 17:43:00,459884.51102435996
06/16/2026 17:44:00,459309.229375
06/16/2026 17:45:00,458964.04903221334
06/16/2026 17:46:00,458733.9363584933
06/16/2026 17:47:00,458312.06315828
06/16/2026 17:48:00,458158.65756839
06/16/2026 17:49:00,458081.9391407066
06/16/2026 17:50:00,457755.93481330003
06/16/2026 17:51:00,457525.82217452
06/16/2026 17:52:00,457353.23765176
06/16/2026 17:53:00,457238.21545128
06/16/2026 17:54:00,457161.49985956
06/16/2026 17:55:00,456816.3081263333
06/16/2026 17:56:00,456777.95600239997
06/16/2026 17:57:00,456950.54052516
06/16/2026 17:58:00,457008.06871106
06/16/2026 17:59:00,456893.0123742
06/16/2026 18:00:00,456893.0123742
06/16/2026 18:01:00,456893.0123509067
06/16/2026 18:02:00,456893.01235090673
06/16/2026 18:03:00,456950.54052516
06/16/2026 18:04:00,457008.06867611996
06/16/2026 18:05:00,457008.06867611996
06/16/2026 18:06:00,457054.09804512793
06/16/2026 18:07:00,457008.06867611996
06/16/2026 18:08:00,456893.0123742
06/16/2026 18:09:00,456893.0123742
06/16/2026 18:10:00,456979.313126
06/16/2026 18:11:00,456950.54052516
06/16/2026 18:12:00,456662.89970048
06/16/2026 18:13:00,456662.89970048
06/16/2026 18:14:00,456432.78702676
06/16/2026 18:15:00,456202.67442292
06/16/2026 18:16:00,456087.61806859
06/16/2026 18:17:00,455742.44907548
06/16/2026 18:18:00,
06/16/2026 18:19:00,455627.39273862
06/16/2026 18:20:00,455167.16742611997
06/16/2026 18:21:00,455224.69561202003
06/16/2026 18:22:00,455090.46322484
06/16/2026 18:23:00,454937.02065096
06/16/2026 18:24:00,454764.43616314
06/16/2026 18:25:00,454246.6826996799
06/16/2026 18:26:00,454074.11526258
06/16/2026 18:27:00,454016.57002596
06/16/2026 18:28:00,453786.45735224
06/16/2026 18:29:00,453556.37884983997
06/16/2026 18:30:00,453326.2320746799
06/16/2026 18:31:00,453096.11940096
06/16/2026 18:32:00,452866.00674471
06/16/2026 18:33:00,452589.871560704
06/16/2026 18:34:00,452405.7814496799
06/16/2026 18:35:00,452204.40729283
06/16/2026 18:36:00,452060.60108359996
06/16/2026 18:37:00,451753.78420859994
06/16/2026 18:38:00,451677.0913744666
06/16/2026 18:39:00,
06/16/2026 18:40:00,451312.72928614
06/16/2026 18:41:00,451063.43489017326
06/16/2026 18:42:00,
06/16/2026 18:43:00,450679.9137905999
06/16/2026 18:44:00,450392.26157547993
06/16/2026 18:45:00,450334.73342451995
06/16/2026 18:46:00,450027.91654952
06/16/2026 18:47:00,449701.92362419993
06/16/2026 18:48:00,449730.6876996799
06/16/2026 18:49:00,
06/16/2026 18:50:00,449471.81095047994
06/16/2026 18:51:00,449356.75461362
06/16/2026 18:52:00,449241.6983116999
06/16/2026 18:53:00,448954.05745207996
06/16/2026 18:54:00,448954.05745207996
06/16/2026 18:55:00,448954.05745207996
06/16/2026 18:56:00,448839.00115016
06/16/2026 18:57:00,448877.35325079993
06/16/2026 18:58:00,448839.00115016
06/16/2026 18:59:00,448839.00115016
06/16/2026 19:00:00,448723.94484823995
06/16/2026 19:01:00,448896.52930111997
06/16/2026 19:02:00,448954.05745207996
06/16/2026 19:03:00,448762.29692558653
06/16/2026 19:04:00,448925.29339406994
06/16/2026 19:05:00,448915.70535144
06/16/2026 19:06:00,448954.05745207996
06/16/2026 19:07:00,448839.00115016
06/16/2026 19:08:00,448885.02367092797
06/16/2026 19:09:00,448896.52930111997
06/16/2026 19:10:00,448915.70535144
06/16/2026 19:11:00,448954.05745207996
06/16/2026 19:12:00,448954.05748702
06/16/2026 19:13:00,448915.70537473337
06/16/2026 19:14:00,448839.00115016
06/16/2026 19:15:00,448896.52930111997
06/16/2026 19:16:00,
06/16/2026 19:17:00,448839.00115016
06/16/2026 19:18:00,
06/16/2026 19:19:00,448781.47299919993
06/16/2026 19:20:00,
06/16/2026 19:21:00,448800.64904951997
06/16/2026 19:22:00,
06/16/2026 19:23:00,
06/16/2026 19:24:00,
06/16/2026 19:25:00,448896.52930111997
06/16/2026 19:26:00,448839.00115016
06/16/2026 19:27:00,
06/16/2026 19:28:00,
06/16/2026 19:29:00,448839.00115016
06/16/2026 19:30:00,448608.8884764399
06/16/2026 19:31:00,448723.94482494664
06/16/2026 19:32:00,448723.94482494664
06/16/2026 19:33:00,448608.8884764399
06/16/2026 19:34:00,448723.94484823995
06/16/2026 19:35:00,448781.47299919993
06/16/2026 19:36:00,448647.2406003733
06/16/2026 19:37:00,448723.94484823995
06/16/2026 19:38:00,448666.41666234
06/16/2026 19:39:00,448608.87146065995
06/16/2026 19:40:00,448378.75309171993
06/16/2026 19:41:00,
06/16/2026 19:42:00,448378.74170127994
06/16/2026 19:43:00,448378.74170127994
06/16/2026 19:44:00,448378.74170127994
06/16/2026 19:45:00,448378.74170127994
06/16/2026 19:46:00,447976.07016823
06/16/2026 19:47:00,447947.30607528
06/16/2026 19:48:00,447803.49422323995
06/16/2026 19:49:00,447602.11150609
06/16/2026 19:50:00,447458.29107627994
06/16/2026 19:51:00,447266.55328408
06/16/2026 19:52:00,447170.6502865399
06/16/2026 19:53:00,446729.60102436
06/16/2026 19:54:00,446614.54469914665
06/16/2026 19:55:00,446499.4883506399
06/16/2026 19:56:00,446346.09129193326
06/16/2026 19:57:00,445905.03065096
06/16/2026 19:58:00,445962.55880192
06/16/2026 19:59:00,445732.44616313995
06/16/2026 20:00:00,445502.33352436
06/16/2026 20:01:00,445249.20960423205
06/16/2026 20:02:00,445157.16454872
06/16/2026 20:03:00,444927.05187499995
06/16/2026 20:04:00,444719.92318051204
06/16/2026 20:05:00,444524.33766273997
06/16/2026 20:06:00,444466.82657414663
06/16/2026 20:07:00,
06/16/2026 20:08:00,443891.51077676
06/16/2026 20:09:00,443546.37597244
06/16/2026 20:10:00,443661.41522364
06/16/2026 20:11:00,443316.24051784
06/16/2026 20:12:00,443258.7009764399
06/16/2026 20:13:00,443047.76439962664
06/16/2026 20:14:00,
06/16/2026 20:15:00,442587.5390987733
06/16/2026 20:16:00,442510.8348742
06/16/2026 20:17:00,442088.9616506933
06/16/2026 20:18:00,441935.55322483997
06/16/2026 20:19:00,441705.44055112
06/16/2026 20:20:00,441475.3278774
06/16/2026 20:21:00,441360.27157548
06/16/2026 20:22:00,441273.97934903996
06/16/2026 20:23:00,440938.37564097333
06/16/2026 20:24:00,440957.55739816
06/16/2026 20:25:00,440708.28572484
06/16/2026 20:26:00,440439.79537440004
06/16/2026 20:27:00,440209.67417532
06/16/2026 20:28:00,439864.53930112
06/16/2026 20:29:00,439691.93776257994
06/16/2026 20:30:00,439519.35327476
06/16/2026 20:31:00,439059.11091153993
06/16/2026 20:32:00,438828.99825529003
06/16/2026 20:33:00,438713.94190096
06/16/2026 20:34:00,438368.77292531996
06/16/2026 20:35:00,438483.82922724
06/16/2026 20:36:00,437931.558908144
06/16/2026 20:37:00,437793.49127596
06/16/2026 20:38:00,
06/16/2026 20:39:00,437448.28819888
06/16/2026 20:40:00,437218.2096266
06/16/2026 20:41:00,
06/16/2026 20:42:00,436527.83757388
06/16/2026 20:43:00,436527.83757388
06/16/2026 20:44:00,436412.78120207996
06/16/2026 20:45:00,436240.21379992
06/16/2026 20:46:00,435837.49958765996
06/16/2026 20:47:00,435837.4995993066
06/16/2026 20:48:00,435492.33057707996
06/16/2026 20:49:00,435204.68978734
06/16/2026 20:50:00,435032.10529951996
06/16/2026 20:51:00,434940.06024400797
06/16/2026 20:52:00,434456.82365015993
06/16/2026 20:53:00,434387.7898410559
06/16/2026 20:54:00,434226.71099973336
06/16/2026 20:55:00,433996.5983726
06/16/2026 20:56:00,433804.81506522663
06/16/2026 20:57:00,433622.63969298993
06/16/2026 20:58:00,433248.71514976
06/16/2026 20:59:00,433191.18696385995
06/16/2026 21:00:00,432807.6488252133
06/16/2026 21:01:00,432615.8882987199
06/16/2026 21:02:00,432500.84331735986
06/16/2026 21:03:00,432241.95523012994
06/16/2026 21:04:00,431983.0784984
06/16/2026 21:05:00,431868.02216153994
06/16/2026 21:06:00,431551.61724391
06/16/2026 21:07:00,431426.97287606663
06/16/2026 21:08:00,431350.26869808
06/16/2026 21:09:00,431062.6107877399
06/16/2026 21:10:00,431292.74051218
06/16/2026 21:11:00,431177.6841753199
06/16/2026 21:12:00,431081.80390042654
06/16/2026 21:13:00,431177.6841753199
06/16/2026 21:14:00,431350.26867478667
06/16/2026 21:15:00,431158.49673456
06/16/2026 21:16:00,431120.15602436
06/16/2026 21:17:00,431120.15602436
06/16/2026 21:18:00,
06/16/2026 21:19:00,431177.6841753199
06/16/2026 21:20:00,431120.15602436
06/16/2026 21:21:00,
06/16/2026 21:22:00,431235.21232627996
06/16/2026 21:23:00,431120.15602436
06/16/2026 21:24:00,
06/16/2026 21:25:00,431005.06555112
06/16/2026 21:26:00,431235.21232627996
06/16/2026 21:27:00,431177.6841753199
06/16/2026 21:28:00,431235.21232627996
06/16/2026 21:29:00,431062.6107877399
06/16/2026 21:30:00,431091.38340605
06/16/2026 21:31:00,431005.0996875
06/16/2026 21:32:00,431005.06555112
06/16/2026 21:33:00,431120.15602436
06/16/2026 21:34:00,
06/16/2026 21:35:00,431005.06555112
06/16/2026 21:36:00,431120.15602436
06/16/2026 21:37:00,430890.04335064
06/16/2026 21:38:00,431120.15602436
06/16/2026 21:39:00,431074.12665535195
06/16/2026 21:40:00,431062.6107877399
06/16/2026 21:41:00,431081.79253328
06/16/2026 21:42:00,431005.06555112
06/16/2026 21:43:00,431005.09967585333
06/16/2026 21:44:00,431005.06555112
06/16/2026 21:45:00,431062.6107877399
06/16/2026 21:46:00,431120.15602436
06/16/2026 21:47:00,431062.6107877399
06/16/2026 21:48:00,431120.15602436
06/16/2026 21:49:00,431120.15602436
06/16/2026 21:50:00,431005.06555112
06/16/2026 21:51:00,431062.6107877399
06/16/2026 21:52:00,431120.15602436
06/16/2026 21:53:00,
06/16/2026 21:54:00,431120.15602436
06/16/2026 21:55:00,431062.6107877399
06/16/2026 21:56:00,431120.15602436
06/16/2026 21:57:00,431120.15602436
06/16/2026 21:58:00,430947.55445088
06/16/2026 21:59:00,431005.06555112
06/16/2026 22:00:00,431005.08830870665
06/16/2026 22:01:00,431120.15602436
06/16/2026 22:02:00,431005.06555112
06/16/2026 22:03:00,
06/16/2026 22:04:00,431005.06555112
06/16/2026 22:05:00,431005.0996875
06/16/2026 22:06:00,430659.93067692
06/16/2026 22:07:00,430774.98704871995
06/16/2026 22:08:00,430602.4025609
06/16/2026 22:09:00,430314.76170127996
06/16/2026 22:10:00,
06/16/2026 22:11:00,
06/16/2026 22:12:00,429701.12797457335
06/16/2026 22:13:00,429547.69676784
06/16/2026 22:14:00,428934.0516274
06/16/2026 22:15:00,429106.63615015993
06/16/2026 22:16:00,428818.99532548
06/16/2026 22:17:00,428761.48422523995
06/16/2026 22:18:00,428397.12214855995
06/16/2026 22:19:00,427956.07285143994
06/16/2026 22:20:00,427841.01654952
06/16/2026 22:21:00,427668.43202675995
06/16/2026 22:22:00,427323.22894967993
06/16/2026 22:23:00,426978.09407548
06/16/2026 22:24:00,426863.02638312004
06/16/2026 22:25:00,
06/16/2026 22:26:00,426402.77832467994
06/16/2026 22:27:00,426057.64345048
06/16/2026 22:28:00,425712.44037339994
06/16/2026 22:29:00,425443.9983566266
06/16/2026 22:30:00,424964.59128694003
06/16/2026 22:31:00,424907.05744075996
06/16/2026 22:32:00,424561.87707468
06/16/2026 22:33:00,424216.70809903997
06/16/2026 22:34:00,424101.65172724
06/16/2026 22:35:00,423526.37014775997
06/16/2026 22:36:00,423411.31377596
06/16/2026 22:37:00,423037.3807423099
06/16/2026 22:38:00,422759.31653487997
06/16/2026 22:39:00,422375.8068490399
06/16/2026 22:40:00,421800.49109823996
06/16/2026 22:41:00,421800.50244209333
06/16/2026 22:42:00,421225.20944887993
06/16/2026 22:43:00,421110.15307708
06/16/2026 22:44:00,420995.09677515994
06/16/2026 22:45:00,420764.98413637996
06/16/2026 22:46:00,420592.39964856
06/16/2026 22:47:00,420247.22209515
06/16/2026 22:48:00,420036.28265908
06/16/2026 22:49:00,419844.53347643994
06/16/2026 22:50:00,419384.27409744
06/16/2026 22:51:00,419345.93334065337
06/16/2026 22:52:00,418866.52059903997
06/16/2026 22:53:00,418578.9138758
06/16/2026 22:54:00,418463.83481629327
06/16/2026 22:55:00,418233.74490015995
06/16/2026 22:56:00,417715.97435104
06/16/2026 22:57:00,417543.38986322
06/16/2026 22:58:00,417428.31647564
06/16/2026 22:59:00,417198.20380191994
06/16/2026 23:00:00,416507.86585064
06/16/2026 23:01:00,416162.69687499997
06/16/2026 23:02:00,416047.64057308
06/16/2026 23:03:00,415875.0560503199
06/16/2026 23:04:00,415587.41522564
06/16/2026 23:05:00,415088.81504326663
06/16/2026 23:06:00,414897.07727436
06/16/2026 23:07:00,414666.94754992
06/16/2026 23:08:00,414666.9304992
06/16/2026 23:09:00,414551.90829871997
06/16/2026 23:10:00,414206.70515175996
06/16/2026 23:11:00,414206.70515175996
06/16/2026 23:12:00,
06/16/2026 23:13:00,413746.47983926
06/16/2026 23:14:00,413573.89535143995
06/16/2026 23:15:00,413516.36720047996
06/16/2026 23:16:00,413458.83904952003
06/16/2026 23:17:00,413516.36720047996
06/16/2026 23:18:00,413516.36720047996
06/16/2026 23:19:00,413401.3108752666
06/16/2026 23:20:00,413516.36720047996
06/16/2026 23:21:00,413487.60312499997
06/16/2026 23:22:00,413401.31089856
06/16/2026 23:23:00,
06/16/2026 23:24:00,
06/16/2026 23:25:00,413401.31089856
06/16/2026 23:26:00,413516.36720047996
06/16/2026 23:27:00,413439.6629759066
06/16/2026 23:28:00,413401.31089856
06/16/2026 23:29:00,413401.31089856
06/16/2026 23:30:00,413401.31089856
06/16/2026 23:31:00,413401.31089856
06/16/2026 23:32:00,413286.25455005333
06/16/2026 23:33:00,413228.72641074006
06/16/2026 23:34:00,413516.36720047996
06/16/2026 23:35:00,413401.31086361996
06/16/2026 23:36:00,413458.83904952003
06/16/2026 23:37:00,
06/16/2026 23:38:00,413343.78271266
06/16/2026 23:39:00,413401.31089856
06/16/2026 23:40:00,413516.36720047996
06/16/2026 23:41:00,413516.36720047996
06/16/2026 23:42:00,413458.83904952003
06/16/2026 23:43:00,413424.32214496797
06/16/2026 23:44:00,413286.25452675996
06/16/2026 23:45:00,413430.07495657
06/16/2026 23:46:00,413478.01509984
06/16/2026 23:47:00,413401.3108985599
06/16/2026 23:48:00,413401.31089856
06/16/2026 23:49:00,413573.89535143995
06/16/2026 23:50:00,413478.01509984
06/16/2026 23:51:00,413401.31088109
06/16/2026 23:52:00,413458.83904952003
06/16/2026 23:53:00,413401.31088109
06/16/2026 23:54:00,413478.01509984
06/16/2026 23:55:00,413424.322144968
06/16/2026 23:56:00,413430.0749740399
06/16/2026 23:57:00,413401.31089856
06/16/2026 23:58:00,413458.83904952
06/16/2026 23:59:00,413343.78273012995
06/17/2026 00:00:00,413362.95877462666
06/17/2026 00:01:00,413439.66299920005
06/17/2026 00:02:00,413401.31086361996
06/17/2026 00:03:00,413401.31089856
06/17/2026 00:04:00,413401.31088109
06/17/2026 00:05:00,413401.31089856
06/17/2026 00:06:00,413401.31088109
06/17/2026 00:07:00,413447.3334193281
06/17/2026 00:08:00,413478.01509984
06/17/2026 00:09:00,413355.28833586397
06/17/2026 00:10:00,413430.0749740401
06/17/2026 00:11:00,413378.29962420004
06/17/2026 00:12:00,413343.78273012995
06/17/2026 00:13:00,413401.31088458403
06/17/2026 00:14:00,413332.27708945604
06/17/2026 00:15:00,413378.2996102241
06/17/2026 00:16:00,413372.54680560995
06/17/2026 00:17:00,413447.3334193279
06/17/2026 00:18:00,413286.25452675996
06/17/2026 00:19:00,413343.78273012995
06/17/2026 00:20:00,413401.31089856
06/17/2026 00:21:00,413424.32214496797
06/17/2026 00:22:00,413487.60312499997
06/17/2026 00:23:00,413401.31087060797
06/17/2026 00:24:00,413401.31089856
06/17/2026 00:25:00,413401.31088109
06/17/2026 00:26:00,413315.01863718
06/17/2026 00:27:00,413372.54678813997
06/17/2026 00:28:00,413458.83904952003
06/17/2026 00:29:00,413372.54678813997
06/17/2026 00:30:00,413401.31088109
06/17/2026 00:31:00,413401.31089856
06/17/2026 00:32:00,413315.01863718
06/17/2026 00:33:00,413286.25454423006
06/17/2026 00:34:00,413362.95877462666
06/17/2026 00:35:00,413401.31089856
06/17/2026 00:36:00,413401.31089856
06/17/2026 00:37:00,413372.54680561007
06/17/2026 00:38:00,413430.0749740399
06/17/2026 00:39:00,413430.0749391
06/17/2026 00:40:00,413430.0749740401
06/17/2026 00:41:00,413286.254554712
06/17/2026 00:42:00,413401.31088109
06/17/2026 00:43:00,413378.2996102239
06/17/2026 00:44:00,413401.31089856
06/17/2026 00:45:00,413430.07495656994
06/17/2026 00:46:00,413378.29962420004
06/17/2026 00:47:00,413458.83903204993
06/17/2026 00:48:00,413378.29962420004
06/17/2026 00:49:00,413378.299596248
06/17/2026 00:50:00,413378.2996102239
06/17/2026 00:51:00,413362.95877462666
06/17/2026 00:52:00,413286.25454073603
06/17/2026 00:53:00,413199.96230032
06/17/2026 00:54:00,413102.164415736
06/17/2026 00:55:00,412941.08557441324
06/17/2026 00:56:00,412641.925469648
06/17/2026 00:57:00,412480.84660503204
06/17/2026 00:58:00,412181.706984424
06/17/2026 00:59:00,411819.28634535
06/17/2026 01:00:00,411445.33054246666
06/17/2026 01:01:00,411215.2338386559
06/17/2026 01:02:00,410812.50937499997
06/17/2026 01:03:00,410662.9361266
06/17/2026 01:04:00,410486.51644968
06/17/2026 01:05:00,410363.81018849596
06/17/2026 01:06:00,410294.75591153995
06/17/2026 01:07:00,410208.46366763
06/17/2026 01:08:00,410041.6319983999
06/17/2026 01:09:00,409920.82284294994
06/17/2026 01:10:00,409742.485515576
06/17/2026 01:11:00,409397.3165539119
06/17/2026 01:12:00,409403.06936201995
06/17/2026 01:13:00,409098.16329272796
06/17/2026 01:14:00,408914.05267891195
06/17/2026 01:15:00,408856.52622952993
06/17/2026 01:16:00,408729.976180512
06/17/2026 01:17:00,408645.61519968003
06/17/2026 01:18:00,408545.899710064
06/17/2026 01:19:00,408223.73347993
06/17/2026 01:20:00,408085.667570288
06/17/2026 01:21:00,407901.55016413593
06/17/2026 01:22:00,407648.46037339995
06/17/2026 01:23:00,407418.32722484
06/17/2026 01:24:00,407245.7290754799
06/17/2026 01:25:00,407096.1558550319
06/17/2026 01:26:00,406804.6798249466
06/17/2026 01:27:00,406612.91928913596
06/17/2026 01:28:00,406325.2784504799
06/17/2026 01:29:00,406114.3418736666
06/17/2026 01:30:00,405830.536240416
06/17/2026 01:31:00,405508.37852515996
06/17/2026 01:32:00,405347.29113168997
06/17/2026 01:33:00,404915.8384375
06/17/2026 01:34:00,404656.9548610239
06/17/2026 01:35:00,404484.36867511994
06/17/2026 01:36:00,404283.00304363
06/17/2026 01:37:00,404081.65277875203
06/17/2026 01:38:00,403880.31442491995
06/17/2026 01:39:00,403583.06852435996
06/17/2026 01:40:00,403506.3642997866
06/17/2026 01:41:00,403362.54391074
06/17/2026 01:42:00,403161.195319488
06/17/2026 01:43:00,402959.8467491999
06/17/2026 01:44:00,402758.49816843
06/17/2026 01:45:00,402557.14960512996
06/17/2026 01:46:00,402240.74472243997
06/17/2026 01:47:00,402154.45246106
06/17/2026 01:48:00,401665.46307308
06/17/2026 01:49:00,401838.04752596
06/17/2026 01:50:00,401780.519375
06/17/2026 01:51:00,401694.21860573
06/17/2026 01:52:00,401579.14521815
06/17/2026 01:53:00,401366.296129392
06/17/2026 01:54:00,401118.91990564996
06/17/2026 01:55:00,400952.09334464796
06/17/2026 01:56:00,400629.93051766994
06/17/2026 01:57:00,400284.766639776
06/17/2026 01:58:00,400077.66524041595
06/17/2026 01:59:00,399651.94319887995
06/17/2026 02:00:00,399433.3361553519
06/17/2026 02:01:00,399295.26856509596
06/17/2026 02:02:00,398846.54887580004
06/17/2026 02:03:00,398846.54889326997
06/17/2026 02:04:00,398466.862995608
06/17/2026 02:05:00,398242.50316843
06/17/2026 02:06:00,397945.25159011997
06/17/2026 02:07:00,397791.8544848267
06/17/2026 02:08:00,397753.48647483997
06/17/2026 02:09:00,397615.43933147204
06/17/2026 02:10:00,397350.81660144
06/17/2026 02:11:00,397086.16657627997
06/17/2026 02:12:00,396810.03139576805
06/17/2026 02:13:00,396395.82861102396
06/17/2026 02:14:00,396286.51146266004
06/17/2026 02:15:00,395958.60093929595
06/17/2026 02:16:00,395682.465758784
06/17/2026 02:17:00,395394.81637031
06/17/2026 02:18:00,395130.188521568
06/17/2026 02:19:00,394762.01513028995
06/17/2026 02:20:00,394416.84613717993
06/17/2026 02:21:00,394094.67476038396
06/17/2026 02:22:00,393812.79188698
06/17/2026 02:23:00,393588.420113816
06/17/2026 02:24:00,393381.33917532
06/17/2026 02:25:00,393237.50169479
06/17/2026 02:26:00,393266.24870207993
06/17/2026 02:27:00,392852.05959983997
06/17/2026 02:28:00,392690.96712259995
06/17/2026 02:29:00,392437.84316054394
06/17/2026 02:30:00,392345.79810503195
06/17/2026 02:31:00,392023.64038977603
06/17/2026 02:32:00,391799.2805381399
06/17/2026 02:33:00,391454.10303714
06/17/2026 02:34:00,391195.2348307699
06/17/2026 02:35:00,390965.1136316899
06/17/2026 02:36:00,390711.98459983995
06/17/2026 02:37:00,390320.7930894559
06/17/2026 02:38:00,390015.89038838004
06/17/2026 02:39:00,390073.42708217003
06/17/2026 02:40:00,389699.475264776
06/17/2026 02:41:00,389383.06353734
06/17/2026 02:42:00,389239.25676557596
06/17/2026 02:43:00,388986.119190896
06/17/2026 02:44:00,388980.36639327003
06/17/2026 02:45:00,388894.07414935995
06/17/2026 02:46:00,388940.096670128
06/17/2026 02:47:00,388922.84676767
06/17/2026 02:48:00,388871.062888976
06/17/2026 02:49:00,388848.05162859196
06/17/2026 02:50:00,388922.83822484
06/17/2026 02:51:00,388917.085409744
06/17/2026 02:52:00,388871.062888976
06/17/2026 02:53:00,388940.10349041596
06/17/2026 02:54:00,388922.83822484
06/17/2026 02:55:00,388779.01784744
06/17/2026 02:56:00,388894.07414936007
06/17/2026 02:57:00,388917.085409744
06/17/2026 02:58:00,388894.07414936007
06/17/2026 02:59:00,388963.11476477596
06/17/2026 03:00:00,388917.085409744
06/17/2026 03:01:00,388986.12602515996
06/17/2026 03:02:00,388980.3663757999
06/17/2026 03:03:00,388917.08540974394
06/17/2026 03:04:00,388917.08540974394
06/17/2026 03:05:00,388922.83822484
06/17/2026 03:06:00,388894.07414935995
06/17/2026 03:07:00,388871.062888976
06/17/2026 03:08:00,388779.01782997
06/17/2026 03:09:00,388894.07414935995
06/17/2026 03:10:00,388871.062888976
06/17/2026 03:11:00,388894.07414936007
06/17/2026 03:12:00,388940.096670128
06/17/2026 03:13:00,388963.10793051205
06/17/2026 03:14:00,388940.096670128
06/17/2026 03:15:00,388986.13285942393
06/17/2026 03:16:00,388922.83822484
06/17/2026 03:17:00,388871.062888976
06/17/2026 03:18:00,388917.085409744
06/17/2026 03:19:00,388986.12602515996
06/17/2026 03:20:00,388894.07414935995
06/17/2026 03:21:00,388940.10350439197
06/17/2026 03:22:00,388917.085409744
06/17/2026 03:23:00,388951.60230031994
06/17/2026 03:24:00,388917.085409744
06/17/2026 03:25:00,388940.10350439197
06/17/2026 03:26:00,388951.60230031994
06/17/2026 03:27:00,388894.07414935995
06/17/2026 03:28:00,388848.05162859196
06/17/2026 03:29:00,388848.051628592
06/17/2026 03:30:00,388865.31007387995
06/17/2026 03:31:00,388802.02909384796
06/17/2026 03:32:00,388848.05162859196
06/17/2026 03:33:00,388922.83822484
06/17/2026 03:34:00,388894.0741493599
06/17/2026 03:35:00,388871.062888976
06/17/2026 03:36:00,388917.085409744
06/17/2026 03:37:00,388951.60230031994
06/17/2026 03:38:00,388779.017833464
06/17/2026 03:39:00,388894.07414935995
06/17/2026 03:40:00,388848.05162859196
06/17/2026 03:41:00,388825.040354232
06/17/2026 03:42:00,388865.31007387995
06/17/2026 03:43:00,388825.04035423195
06/17/2026 03:44:00,388825.040368208
06/17/2026 03:45:00,388836.54598093
06/17/2026 03:46:00,388917.085409744
06/17/2026 03:47:00,388756.006559104
06/17/2026 03:48:00,388865.31007387995
06/17/2026 03:49:00,388871.062888976
06/17/2026 03:50:00,388779.01784744
06/17/2026 03:51:00,388951.60230032
06/17/2026 03:52:00,388848.051628592
06/17/2026 03:53:00,388836.54598093
06/17/2026 03:54:00,388825.040368208
06/17/2026 03:55:00,388871.062888976
06/17/2026 03:56:00,388922.83822484
06/17/2026 03:57:00,388848.05162859196
06/17/2026 03:58:00,388871.062888976
06/17/2026 03:59:00,388848.05162859196
06/17/2026 04:00:00,388721.48966154
06/17/2026 04:01:00,388871.062888976
06/17/2026 04:02:00,388871.062888976
06/17/2026 04:03:00,388836.5459984
06/17/2026 04:04:00,388779.017833464
06/17/2026 04:05:00,388871.062888976
06/17/2026 04:06:00,388865.31007387995
06/17/2026 04:07:00,388779.017833464
06/17/2026 04:08:00,388825.040368208
06/17/2026 04:09:00,388779.01781249995
06/17/2026 04:10:00,388963.114764776
06/17/2026 04:11:00,388802.0290938479
06/17/2026 04:12:00,388779.01782997
06/17/2026 04:13:00,388825.04035423195
06/17/2026 04:14:00,388894.0741493599
06/17/2026 04:15:00,388894.07414936007
06/17/2026 04:16:00,388825.040368208
06/17/2026 04:17:00,388917.092244008
06/17/2026 04:18:00,388836.54598093
06/17/2026 04:19:00,388894.0741493599
06/17/2026 04:20:00,388848.051614616
06/17/2026 04:21:00,388922.83822484
06/17/2026 04:22:00,388802.02909384796
06/17/2026 04:23:00,388871.062888976
06/17/2026 04:24:00,388807.78192292
06/17/2026 04:25:00,388871.062888976
06/17/2026 04:26:00,388836.54598093
06/17/2026 04:27:00,388917.092244008
06/17/2026 04:28:00,388756.006559104
06/17/2026 04:29:00,388825.04035423195
06/17/2026 04:30:00,388865.31859924
06/17/2026 04:31:00,388848.05162859196
06/17/2026 04:32:00,388940.10350439197
06/17/2026 04:33:00,388825.040368208
06/17/2026 04:34:00,388836.5459984
06/17/2026 04:35:00,388825.040368208
06/17/2026 04:36:00,388894.07414935995
06/17/2026 04:37:00,388779.01782997
06/17/2026 04:38:00,388917.08540974394
06/17/2026 04:39:00,388894.07414935995
06/17/2026 04:40:00,388871.062888976
06/17/2026 04:41:00,388848.05162859196
06/17/2026 04:42:00,388894.07414935995
06/17/2026 04:43:00,388894.07414935995
06/17/2026 04:44:00,388951.60230031994
06/17/2026 04:45:00,388871.062888976
06/17/2026 04:46:00,388922.83822484
06/17/2026 04:47:00,388871.062888976
06/17/2026 04:48:00,388750.25375448994
06/17/2026 04:49:00,388848.051628592
06/17/2026 04:50:00,388825.040368208
06/17/2026 04:51:00,388836.5459984
06/17/2026 04:52:00,388871.062888976
06/17/2026 04:53:00,388750.25375448994
06/17/2026 04:54:00,388802.029107824
06/17/2026 04:55:00,388807.78190545
06/17/2026 04:56:00,388756.00657307997
06/17/2026 04:57:00,388732.99529872
06/17/2026 04:58:00,388825.040368208
06/17/2026 04:59:00,388836.54599839996
06/17/2026 05:00:00,388732.99529871996
06/17/2026 05:01:00,388709.98402436
06/17/2026 05:02:00,388779.01782997
06/17/2026 05:03:00,388756.006559104
06/17/2026 05:04:00,388836.5459984
06/17/2026 05:05:00,388825.04035423195
06/17/2026 05:06:00,388802.02909384796
06/17/2026 05:07:00,388750.25375448994
06/17/2026 05:08:00,388779.01784744
06/17/2026 05:09:00,388865.31007387995
06/17/2026 05:10:00,388848.051628592
06/17/2026 05:11:00,388692.7255685899
06/17/2026 05:12:00,388865.31007388
06/17/2026 05:13:00,388779.01781948796
06/17/2026 05:14:00,388802.0290938479
06/17/2026 05:15:00,388807.78190545
06/17/2026 05:16:00,388779.017833464
06/17/2026 05:17:00,388865.31007387995
06/17/2026 05:18:00,388779.017833464
06/17/2026 05:19:00,388825.040368208
06/17/2026 05:20:00,388802.02909384796
06/17/2026 05:21:00,388894.07414935995
06/17/2026 05:22:00,388756.006559104
06/17/2026 05:23:00,388825.040368208
06/17/2026 05:24:00,388865.31007387995
06/17/2026 05:25:00,388756.006559104
06/17/2026 05:26:00,388825.040354232
06/17/2026 05:27:00,388807.78190545
06/17/2026 05:28:00,388825.040354232
06/17/2026 05:29:00,388732.99529871996
06/17/2026 05:30:00,388721.48966153996
06/17/2026 05:31:00,388802.02909384796
06/17/2026 05:32:00,388779.017833464
06/17/2026 05:33:00,388750.25375448994
06/17/2026 05:34:00,388825.040354232
06/17/2026 05:35:00,388848.05162859196
06/17/2026 05:36:00,388825.0403682079
06/17/2026 05:37:00,388807.78190545
06/17/2026 05:38:00,388917.085409744
06/17/2026 05:39:00,388802.02909384796
06/17/2026 05:40:00,388779.01782997
06/17/2026 05:41:00,388756.00657307997
06/17/2026 05:42:00,388836.5459984
06/17/2026 05:43:00,388802.02909384796
06/17/2026 05:44:00,388779.0178194879
06/17/2026 05:45:00,388779.01784744
06/17/2026 05:46:00,388825.040368208
06/17/2026 05:47:00,388802.029079872
06/17/2026 05:48:00,388807.78192292
06/17/2026 05:49:00,388802.02909384796
06/17/2026 05:50:00,388779.01781948796
06/17/2026 05:51:00,388836.5459984
06/17/2026 05:52:00,388802.029107824
06/17/2026 05:53:00,388825.040368208
06/17/2026 05:54:00,388779.01781948796
06/17/2026 05:55:00,388802.029107824
06/17/2026 05:56:00,388807.78192292
06/17/2026 05:57:00,388732.99529871996
06/17/2026 05:58:00,388807.78192292
06/17/2026 05:59:00,388756.00657307997
06/17/2026 06:00:00,388779.017833464
06/17/2026 06:01:00,388807.78190545
06/17/2026 06:02:00,388825.04035423195
06/17/2026 06:03:00,388750.25375448994
06/17/2026 06:04:00,388848.051614616
06/17/2026 06:05:00,388807.78190545
06/17/2026 06:06:00,388686.97275
06/17/2026 06:07:00,388802.029107824
06/17/2026 06:08:00,388807.78190545
06/17/2026 06:09:00,388756.006559104
06/17/2026 06:10:00,388721.48966153996
06/17/2026 06:11:00,388894.07414935995
06/17/2026 06:12:00,388836.5459984
06/17/2026 06:13:00,388732.99528474396
06/17/2026 06:14:00,388756.00657307997
06/17/2026 06:15:00,388750.25373701996
06/17/2026 06:16:00,388848.051628592
06/17/2026 06:17:00,388750.25373701996
06/17/2026 06:18:00,388732.99528474396
06/17/2026 06:19:00,388732.99529871996
06/17/2026 06:20:00,388836.5459984
06/17/2026 06:21:00,388779.01784744
06/17/2026 06:22:00,388807.78192292
06/17/2026 06:23:00,388848.051628592
06/17/2026 06:24:00,388756.00657307997
06/17/2026 06:25:00,388779.01784744
06/17/2026 06:26:00,388709.9840383359
06/17/2026 06:27:00,388750.25375448994
06/17/2026 06:28:00,388686.9727499999
06/17/2026 06:29:00,388721.48966153996
06/17/2026 06:30:00,388663.96150359197
06/17/2026 06:31:00,388663.96147563995
06/17/2026 06:32:00,388779.01782997
06/17/2026 06:33:00,388779.01781948796
06/17/2026 06:34:00,388709.9840383359
06/17/2026 06:35:00,388732.99529871996
06/17/2026 06:36:00,388663.96149311
06/17/2026 06:37:00,388663.96147563995
06/17/2026 06:38:00,388709.98402435996
06/17/2026 06:39:00,388721.48966153996
06/17/2026 06:40:00,388709.98402435996
06/17/2026 06:41:00,388779.017833464
06/17/2026 06:42:00,388750.25373701996
06/17/2026 06:43:00,388663.9614896159
06/17/2026 06:44:00,388663.96148961596
06/17/2026 06:45:00,388606.43332468
06/17/2026 06:46:00,388640.95022923197
06/17/2026 06:47:00,388686.97275
06/17/2026 06:48:00,388663.96147563995
06/17/2026 06:49:00,388640.95022923197
06/17/2026 06:50:00,388663.961489616
06/17/2026 06:51:00,388640.95022923197
06/17/2026 06:52:00,388692.7255685899
06/17/2026 06:53:00,388617.93895487196
06/17/2026 06:54:00,388594.9276944879
06/17/2026 06:55:00,388617.93895487196
06/17/2026 06:56:00,388635.19740015996
06/17/2026 06:57:00,388640.95021525596
06/17/2026 06:58:00,388594.92768051196
06/17/2026 06:59:00,388594.92768051196
06/17/2026 07:00:00,388548.90517372
06/17/2026 07:01:00,388594.92769448797
06/17/2026 07:02:00,388594.92770846403
06/17/2026 07:03:00,388663.96147563995
06/17/2026 07:04:00,388594.92768051196
06/17/2026 07:05:00,388571.916420128
06/17/2026 07:06:00,388520.14108077
06/17/2026 07:07:00,388594.92768051196
06/17/2026 07:08:00,388571.916434104
06/17/2026 07:09:00,388606.43332468
06/17/2026 07:10:00,388640.95021525596
06/17/2026 07:11:00,388571.91642012796
06/17/2026 07:12:00,388571.91642012796
06/17/2026 07:13:00,388548.90515625
06/17/2026 07:14:00,388525.89389936
06/17/2026 07:15:00,388525.89389936003
06/17/2026 07:16:00,388548.90515625
06/17/2026 07:17:00,388502.882611024
06/17/2026 07:18:00,388525.89389936
06/17/2026 07:19:00,388548.90517372
06/17/2026 07:20:00,388548.90515625
06/17/2026 07:21:00,388548.90514576796
06/17/2026 07:22:00,388525.8938853839
06/17/2026 07:23:00,388548.905159744
06/17/2026 07:24:00,388548.90515625
06/17/2026 07:25:00,388479.871364616
06/17/2026 07:26:00,388462.61289487
06/17/2026 07:27:00,388548.9051597441
06/17/2026 07:28:00,388502.88262499997
06/17/2026 07:29:00,388462.61289487
06/17/2026 07:30:00,388525.89389936
06/17/2026 07:31:00,388520.14108076994
06/17/2026 07:32:00,388502.88262499997
06/17/2026 07:33:00,388456.86007627996
06/17/2026 07:34:00,388347.55659295
06/17/2026 07:35:00,388410.837555512
06/17/2026 07:36:00,388387.82628115197
06/17/2026 07:37:00,388433.84881939006
06/17/2026 07:38:00,388502.88262499997
06/17/2026 07:39:00,388387.82628115197
06/17/2026 07:40:00,388462.61289487
06/17/2026 07:41:00,388456.86009025597
06/17/2026 07:42:00,388433.84881939
06/17/2026 07:43:00,388387.826281152
06/17/2026 07:44:00,388341.80376038403
06/17/2026 07:45:00,388318.792486024
06/17/2026 07:46:00,388405.08472644
06/17/2026 07:47:00,388387.82628115197
06/17/2026 07:48:00,388347.55657548
06/17/2026 07:49:00,388364.815020768
06/17/2026 07:50:00,388364.815020768
06/17/2026 07:51:00,388318.7925
06/17/2026 07:52:00,388180.724909744
06/17/2026 07:53:00,388174.97210513
06/17/2026 07:54:00,388019.646045128
06/17/2026 07:55:00,387789.526593048
06/17/2026 07:56:00,387657.2186242
06/17/2026 07:57:00,387444.35757547995
06/17/2026 07:58:00,387168.208754392
06/17/2026 07:59:00,386961.12102356006
06/17/2026 08:00:00,386765.51500649
06/17/2026 08:01:00,386500.90251038404
06/17/2026 08:02:00,386293.780664136
06/17/2026 08:03:00,386132.69669827993
06/17/2026 08:04:00,385879.57787939196
06/17/2026 08:05:00,385741.49660663196
06/17/2026 08:06:00,385350.31194448797
06/17/2026 08:07:00,385212.23751298
06/17/2026 08:08:00,385005.136134584
06/17/2026 08:09:00,384705.989665736
06/17/2026 08:10:00,384579.42771265993
06/17/2026 08:11:00,384314.79134904
06/17/2026 08:12:00,384147.94944239
06/17/2026 08:13:00,383831.561561504
06/17/2026 08:14:00,383578.43766932795
06/17/2026 08:15:00,383313.79956918996
06/17/2026 08:16:00,383095.17378035194
06/17/2026 08:17:00,383083.66133686
06/17/2026 08:18:00,383026.133178912
06/17/2026 08:19:00,382911.07684903994
06/17/2026 08:20:00,383072.162519968
06/17/2026 08:21:00,382911.083669328
06/17/2026 08:22:00,382939.84944988
06/17/2026 08:23:00,382957.10619009595
06/17/2026 08:24:00,382888.07922923204
06/17/2026 08:25:00,383026.13318589993
06/17/2026 08:26:00,382888.07922923204
06/17/2026 08:27:00,382968.60501746996
06/17/2026 08:28:00,382888.0792292319
06/17/2026 08:29:00,382934.094929712
06/17/2026 08:30:00,382968.6050174699
06/17/2026 08:31:00,382980.11745047994
06/17/2026 08:32:00,383026.13318589993
06/17/2026 08:33:00,383049.14442532
06/17/2026 08:34:00,382934.08810942405
06/17/2026 08:35:00,382882.32129891997
06/17/2026 08:36:00,382773.036539936
06/17/2026 08:37:00,382709.75386182
06/17/2026 08:38:00,382588.919119808
06/17/2026 08:39:00,382450.858335864
06/17/2026 08:40:00,382249.51149859995
06/17/2026 08:41:00,382059.660005192
06/17/2026 08:42:00,381789.30320187996
06/17/2026 08:43:00,381507.38964416797
06/17/2026 08:44:00,381208.2431892959
06/17/2026 08:45:00,380955.11924471
06/17/2026 08:46:00,380725.00660942396
06/17/2026 08:47:00,380523.64095697
06/17/2026 08:48:00,380149.711305512
06/17/2026 08:49:00,379919.61228285
06/17/2026 08:50:00,379597.43409624795
06/17/2026 08:51:00,379160.226885384
06/17/2026 08:52:00,378912.83531249996
06/17/2026 08:53:00,378538.922729232
06/17/2026 08:54:00,378337.55366313993
06/17/2026 08:55:00,377871.58236980793
06/17/2026 08:56:00,377560.92346795
06/17/2026 08:57:00,377227.26010503195
06/17/2026 08:58:00,376928.11365015997
06/17/2026 08:59:00,376744.01671884797
06/17/2026 09:00:00,376554.17207368
06/17/2026 09:01:00,376352.83202875196
06/17/2026 09:02:00,376168.72141493595
06/17/2026 09:03:00,375921.35373053
06/17/2026 09:04:00,375685.471194488
06/17/2026 09:05:00,375346.08914935996
06/17/2026 09:06:00,375064.167010384
06/17/2026 09:07:00,374770.7733810899
06/17/2026 09:08:00,374327.8133446479
06/17/2026 09:09:00,373936.615
06/17/2026 09:10:00,373821.55868061
06/17/2026 09:11:00,373752.524875
06/17/2026 09:12:00,373545.423503592
06/17/2026 09:13:00,373390.09744358994
06/17/2026 09:14:00,373361.333378592
06/17/2026 09:15:00,373154.22514496796
06/17/2026 09:16:00,372843.57136182
06/17/2026 09:17:00,372555.932263176
06/17/2026 09:18:00,372302.808315096
06/17/2026 09:19:00,371980.6233117
06/17/2026 09:20:00,371750.53795407206
06/17/2026 09:21:00,371434.11426317994
06/17/2026 09:22:00,371129.20647483994
06/17/2026 09:23:00,370784.051167728
06/17/2026 09:24:00,370507.909111024
06/17/2026 09:25:00,370110.95796875
06/17/2026 09:26:00,369909.609408944
06/17/2026 09:27:00,369541.429130992
06/17/2026 09:28:00,369276.77397664
06/17/2026 09:29:00,368966.13386900804
06/17/2026 09:30:00,368528.92490765
06/17/2026 09:31:00,368321.797935704
06/17/2026 09:32:00,367896.10659944
06/17/2026 09:33:00,367608.44870656996
06/17/2026 09:34:00,367309.302241216
06/17/2026 09:35:00,366803.05440096
06/17/2026 09:36:00,366526.919206472
06/17/2026 09:37:00,366256.53684455
06/17/2026 09:38:00,366020.67139416793
06/17/2026 09:39:00,365744.5293793919
06/17/2026 09:40:00,365508.65367411997
06/17/2026 09:41:00,365215.277085064
06/17/2026 09:42:00,364990.91724390996
06/17/2026 09:43:00,364616.96370048
06/17/2026 09:44:00,364363.85342092795
06/17/2026 09:45:00,364041.66842451994
06/17/2026 09:46:00,363788.54450439196
06/17/2026 09:47:00,363466.38677516
06/17/2026 09:48:00,363144.229059904
06/17/2026 09:49:00,362753.037521568
06/17/2026 09:50:00,362517.17205721
06/17/2026 09:51:00,362407.86857388
06/17/2026 09:52:00,362056.93825428997
06/17/2026 09:53:00,361740.52821445593
06/17/2026 09:54:00,361441.374939296
06/17/2026 09:55:00,361078.93386731
06/17/2026 09:56:00,360820.07076916797
06/17/2026 09:57:00,360543.9355746799
06/17/2026 09:58:00,360273.53954423
06/17/2026 09:59:00,360083.696628592
06/17/2026 10:00:00,359669.49381938996