Timestamp,SDS_Factor (Unit)
06/17/2026 10:01:00,0.38377308299601126
06/17/2026 10:02:00,0.38240664007991393
06/17/2026 10:03:00,0.38266157219251334
06/17/2026 10:04:00,0.38068966101479657
06/17/2026 10:05:00,0.3834404472735639
06/17/2026 10:06:00,0.3812772513048818
06/17/2026 10:07:00,0.3839446328335255
06/17/2026 10:08:00,0.3772848337663744
06/17/2026 10:09:00,0.38329623167267973
06/17/2026 10:10:00,0.3815503640227787
06/17/2026 10:11:00,0.38083964538512716
06/17/2026 10:12:00,0.38591380994084656
06/17/2026 10:13:00,0.3804564251799663
06/17/2026 10:14:00,0.3806517987421384
06/17/2026 10:15:00,0.3869205348785873
06/17/2026 10:16:00,0.38497125561431755
06/17/2026 10:17:00,0.38141314414759236
06/17/2026 10:18:00,0.3755857133975282
06/17/2026 10:19:00,0.37806610128518975
06/17/2026 10:20:00,0.3785185125622698
06/17/2026 10:21:00,0.3822867645979822
06/17/2026 10:22:00,0.3838645121810857
06/17/2026 10:23:00,0.3843416392435978
06/17/2026 10:24:00,0.38112798931542397
06/17/2026 10:25:00,0.3788607989643619
06/17/2026 10:26:00,0.3812380460632029
06/17/2026 10:27:00,0.3819638410528333
06/17/2026 10:28:00,0.3795230173173326
06/17/2026 10:29:00,0.37807969639468686
06/17/2026 10:30:00,0.38015371940237946
06/17/2026 10:31:00,0.386001231145144
06/17/2026 10:32:00,0.3845303875076734
06/17/2026 10:33:00,0.38645709348348395
06/17/2026 10:34:00,0.38009132217148667
06/17/2026 10:35:00,0.37707441783100465
06/17/2026 10:36:00,0.3774534712293134
06/17/2026 10:37:00,0.3851560915854874
06/17/2026 10:38:00,0.38220931060316493
06/17/2026 10:39:00,0.38210936550669217
06/17/2026 10:40:00,0.3799847072946934
06/17/2026 10:41:00,0.38249827252511315
06/17/2026 10:42:00,0.38025756924443327
06/17/2026 10:43:00,0.3824879957287774
06/17/2026 10:44:00,0.38534901573239655
06/17/2026 10:45:00,0.3818281992037972
06/17/2026 10:46:00,0.3777946676806084
06/17/2026 10:47:00,0.3811265910671743
06/17/2026 10:48:00,0.3825223969676086
06/17/2026 10:49:00,0.3819039618291472
06/17/2026 10:50:00,0.38484094083294906
06/17/2026 10:51:00,0.3850196480804638
06/17/2026 10:52:00,0.37943360094146233
06/17/2026 10:53:00,0.37730376655817127
06/17/2026 10:54:00,0.3813451829324344
06/17/2026 10:55:00,0.38005028830476184
06/17/2026 10:56:00,0.38001368834131877
06/17/2026 10:57:00,0.383616756605482
06/17/2026 10:58:00,0.3843551773976552
06/17/2026 10:59:00,0.38365165164247517
06/17/2026 11:00:00,0.38379770740620667
06/17/2026 11:01:00,0.3747272840909091
06/17/2026 11:02:00,0.3786504363636364
06/17/2026 11:03:00,0.3810550444699287
06/17/2026 11:04:00,0.3823448206896552
06/17/2026 11:05:00,0.3855466037591101
06/17/2026 11:06:00,0.38291284952728777
06/17/2026 11:07:00,0.38418383914209125
06/17/2026 11:08:00,0.38132211769201374
06/17/2026 11:09:00,0.3804573598470364
06/17/2026 11:10:00,0.3816768368902439
06/17/2026 11:11:00,0.3782688177384943
06/17/2026 11:12:00,0.3818265137446548
06/17/2026 11:13:00,0.3779467302526747
06/17/2026 11:14:00,0.3803532824664704
06/17/2026 11:15:00,0.3839379611703883
06/17/2026 11:16:00,0
06/17/2026 11:17:00,0.38771358635525505
06/17/2026 11:18:00,0.3826965456386883
06/17/2026 11:19:00,0.38284104410084535
06/17/2026 11:20:00,0.37861021690443325
06/17/2026 11:21:00,0.38057696715131933
06/17/2026 11:22:00,0.3769762291745765
06/17/2026 11:23:00,0.3814383843334861
06/17/2026 11:24:00,0.3821657226221474
06/17/2026 11:25:00,0.38210827797972075
06/17/2026 11:26:00,0.38618789243151225
06/17/2026 11:27:00,0.3803876807297606
06/17/2026 11:28:00,0.3835694549218031
06/17/2026 11:29:00,0.38370915286086826
06/17/2026 11:30:00,0.37861596866920155
06/17/2026 11:31:00,0.3826238556574923
06/17/2026 11:32:00,0.3787962777672299
06/17/2026 11:33:00,0.38186723420471
06/17/2026 11:34:00,0.3827041932433463
06/17/2026 11:35:00,0.3818705747389283
06/17/2026 11:36:00,0.3802395297886948
06/17/2026 11:37:00,0.3788959405742821
06/17/2026 11:38:00,0.38222562803896004
06/17/2026 11:39:00,0.38177712300223643
06/17/2026 11:40:00,0.38297638462126427
06/17/2026 11:41:00,0.3829822435701163
06/17/2026 11:42:00,0.3847501747632612
06/17/2026 11:43:00,0.38305657046979863
06/17/2026 11:44:00,0.3794557301648141
06/17/2026 11:45:00,0.38114074632633066
06/17/2026 11:46:00,0.38181067751547104
06/17/2026 11:47:00,0.38711775830301154
06/17/2026 11:48:00,0.38070541768873317
06/17/2026 11:49:00,0.381738335315645
06/17/2026 11:50:00,0.37698754352585884
06/17/2026 11:51:00,0.38520416889231957
06/17/2026 11:52:00,0.37525927776942747
06/17/2026 11:53:00,0.3699249428550197
06/17/2026 11:54:00,0.3747611853409432
06/17/2026 11:55:00,0.37115447132429613
06/17/2026 11:56:00,0.37617748626736225
06/17/2026 11:57:00,0.37733434354716977
06/17/2026 11:58:00,0.37051231196865525
06/17/2026 11:59:00,0.37779385744424354
06/17/2026 12:00:00,0.37630945409391936
06/17/2026 12:01:00,0.3709952103520437
06/17/2026 12:02:00,0.3689066660740741
06/17/2026 12:03:00,0.37001024590841464
06/17/2026 12:04:00,0.3760024197157545
06/17/2026 12:05:00,0.3757904551437784
06/17/2026 12:06:00,0.37123437540513016
06/17/2026 12:07:00,0.3712272526193248
06/17/2026 12:08:00,0.3684445103357278
06/17/2026 12:09:00,0.37478624923162895
06/17/2026 12:10:00,0.3740517741745466
06/17/2026 12:11:00,0
06/17/2026 12:12:00,0.3662331889722821
06/17/2026 12:13:00,0.3680261574019024
06/17/2026 12:14:00,0.3687909129369851
06/17/2026 12:15:00,0
06/17/2026 12:16:00,0.3712042646558735
06/17/2026 12:17:00,0.37466246233959455
06/17/2026 12:18:00,0.3820754589142123
06/17/2026 12:19:00,0
06/17/2026 12:20:00,0.36514243831208754
06/17/2026 12:21:00,0
06/17/2026 12:22:00,0.3695796767434899
06/17/2026 12:23:00,0.37313638385269127
06/17/2026 12:24:00,0.3712876492750031
06/17/2026 12:25:00,0.37311833802464117
06/17/2026 12:26:00,0.3760057061771985
06/17/2026 12:27:00,0.3724555843775326
06/17/2026 12:28:00,0.36853332518518517
06/17/2026 12:29:00,0.36928754365282757
06/17/2026 12:30:00,0.37353887883526954
06/17/2026 12:31:00,0.3739136889305816
06/17/2026 12:32:00,0
06/17/2026 12:33:00,0.3632485598395771
06/17/2026 12:34:00,0
06/17/2026 12:35:00,0.3686538446745562
06/17/2026 12:36:00,0.3741535407765903
06/17/2026 12:37:00,0.36954729887751325
06/17/2026 12:38:00,0.37227930812508925
06/17/2026 12:39:00,0.36863911558500584
06/17/2026 12:40:00,0.3702857116380324
06/17/2026 12:41:00,0.3691275167785235
06/17/2026 12:42:00,0.37203409657682995
06/17/2026 12:43:00,0.37886227844311376
06/17/2026 12:44:00,0.39295577114041896
06/17/2026 12:45:00,0.40234001625404575
06/17/2026 12:46:00,0.4048716871690428
06/17/2026 12:47:00,0
06/17/2026 12:48:00,0.40579314113949994
06/17/2026 12:49:00,0.4118604147702512
06/17/2026 12:50:00,0.42158347333232804
06/17/2026 12:51:00,0.41447270029178823
06/17/2026 12:52:00,0.4258163350340136
06/17/2026 12:53:00,0.42643550762468707
06/17/2026 12:54:00,0.425282123725357
06/17/2026 12:55:00,0.4175225698924731
06/17/2026 12:56:00,0.4263644127459367
06/17/2026 12:57:00,0.41933569751410066
06/17/2026 12:58:00,0.4155474059369761
06/17/2026 12:59:00,0.41556879631425797
06/17/2026 13:00:00,0.4056406706440678
06/17/2026 13:01:00,0.4107804610650333
06/17/2026 13:02:00,0.4097058913398693
06/17/2026 13:03:00,0.39545237229783825
06/17/2026 13:04:00,0
06/17/2026 13:05:00,0.40030323472842716
06/17/2026 13:06:00,0.405080990799717
06/17/2026 13:07:00,0.3986876820036809
06/17/2026 13:08:00,0.40200916103144624
06/17/2026 13:09:00,0.40569479671397657
06/17/2026 13:10:00,0.4024858550371889
06/17/2026 13:11:00,0.3989150450737934
06/17/2026 13:12:00,0.3905705520857791
06/17/2026 13:13:00,0.3868123675114315
06/17/2026 13:14:00,0.37746185997559484
06/17/2026 13:15:00,0.3882815429127473
06/17/2026 13:16:00,0.3849750954388655
06/17/2026 13:17:00,0.37641141103376
06/17/2026 13:18:00,0.3696663967749093
06/17/2026 13:19:00,0.3796517493845319
06/17/2026 13:20:00,0.3828659128567045
06/17/2026 13:21:00,0.374463384528938
06/17/2026 13:22:00,0.3738552046707146
06/17/2026 13:23:00,0.37450040225261466
06/17/2026 13:24:00,0.3733134555621831
06/17/2026 13:25:00,0.3738515960917259
06/17/2026 13:26:00,0.3760661946847185
06/17/2026 13:27:00,0.3762388575877994
06/17/2026 13:28:00,0.3770142562640661
06/17/2026 13:29:00,0.37293547432550045
06/17/2026 13:30:00,0.37291394428218383
06/17/2026 13:31:00,0.37229688018536505
06/17/2026 13:32:00,0.37855106499154384
06/17/2026 13:33:00,0.36444166765578634
06/17/2026 13:34:00,0.3773183803357675
06/17/2026 13:35:00,0.36977157668347677
06/17/2026 13:36:00,0.37075665021554927
06/17/2026 13:37:00,0.3719608149166523
06/17/2026 13:38:00,0.3737899918882379
06/17/2026 13:39:00,0.3698825803448641
06/17/2026 13:40:00,0.3730879712746858
06/17/2026 13:41:00,0.3782175185045317
06/17/2026 13:42:00,0.36739236093324507
06/17/2026 13:43:00,0.37253913173409225
06/17/2026 13:44:00,0.3686810799882369
06/17/2026 13:45:00,0.3623616368380995
06/17/2026 13:46:00,0.3560928483720193
06/17/2026 13:47:00,0.35849784278535535
06/17/2026 13:48:00,0.3610054056756756
06/17/2026 13:49:00,0.3516727764456982
06/17/2026 13:50:00,0.3416994724021929
06/17/2026 13:51:00,0.3434332417529662
06/17/2026 13:52:00,0.33919423289961864
06/17/2026 13:53:00,0.3543988649222065
06/17/2026 13:54:00,0.3394285653061225
06/17/2026 13:55:00,0.3466506921864161
06/17/2026 13:56:00,0.34878892733564015
06/17/2026 13:57:00,0.3477919738932247
06/17/2026 13:58:00,0.33650181141938074
06/17/2026 13:59:00,0.3476874987847222
06/17/2026 14:00:00,0.3522895289460663
06/17/2026 14:01:00,0.34296092239955966
06/17/2026 14:02:00,0.3397058805827888
06/17/2026 14:03:00,0.3402790051037768
06/17/2026 14:04:00,0.35333451066831245
06/17/2026 14:05:00,0.34699341057059024
06/17/2026 14:06:00,0.3557370787775651
06/17/2026 14:07:00,0.34917623114355234
06/17/2026 14:08:00,0.35260291845005337
06/17/2026 14:09:00,0.3366641096592365
06/17/2026 14:10:00,0.341026359223301
06/17/2026 14:11:00,0.3531198037515484
06/17/2026 14:12:00,0.3532861163833806
06/17/2026 14:13:00,0.3557654573159865
06/17/2026 14:14:00,0.3499860199888174
06/17/2026 14:15:00,0.35762482649786015
06/17/2026 14:16:00,0.3442101617868303
06/17/2026 14:17:00,0.353940470411056
06/17/2026 14:18:00,0.34975507907627706
06/17/2026 14:19:00,0.35341940999544286
06/17/2026 14:20:00,0.354213222519896
06/17/2026 14:21:00,0.34808741269510923
06/17/2026 14:22:00,0.366707748092723
06/17/2026 14:23:00,0.3542369244041267
06/17/2026 14:24:00,0.341706059837844
06/17/2026 14:25:00,0.34846269908932376
06/17/2026 14:26:00,0.3567754992776654
06/17/2026 14:27:00,0.3514129589730246
06/17/2026 14:28:00,0.35070463802393115
06/17/2026 14:29:00,0.35003891911400464
06/17/2026 14:30:00,0.3565508344058345
06/17/2026 14:31:00,0.3609543314857211
06/17/2026 14:32:00,0.3549475930005329
06/17/2026 14:33:00,0.35811328681168775
06/17/2026 14:34:00,0.339707980475382
06/17/2026 14:35:00,0.34997383289726147
06/17/2026 14:36:00,0.34467558976999657
06/17/2026 14:37:00,0.3359597650778442
06/17/2026 14:38:00,0.3394950624021776
06/17/2026 14:39:00,0.32761695781746475
06/17/2026 14:40:00,0.34149729060591516
06/17/2026 14:41:00,0.3270955050869707
06/17/2026 14:42:00,0.3256980541211033
06/17/2026 14:43:00,0.33212845241058836
06/17/2026 14:44:00,0.33346613861221786
06/17/2026 14:45:00,0.33268141615044244
06/17/2026 14:46:00,0.32187006255037887
06/17/2026 14:47:00,0.3199914401540272
06/17/2026 14:48:00,0.33186564083804454
06/17/2026 14:49:00,0.32254362414372495
06/17/2026 14:50:00,0.3227537954103462
06/17/2026 14:51:00,0.3189178085652007
06/17/2026 14:52:00,0.3245420761358451
06/17/2026 14:53:00,0.31993363024888316
06/17/2026 14:54:00,0.3204905423712575
06/17/2026 14:55:00,0.3239582556371601
06/17/2026 14:56:00,0.31862856888888885
06/17/2026 14:57:00,0.33280748997326204
06/17/2026 14:58:00,0.3287779198423128
06/17/2026 14:59:00,0.32340067981251003
06/17/2026 15:00:00,0.32696220677245214
06/17/2026 15:01:00,0.3303323609566852
06/17/2026 15:02:00,0.3324478810364352
06/17/2026 15:03:00,0.3370126802827965
06/17/2026 15:04:00,0.3365628821943659
06/17/2026 15:05:00,0.3408975576319738
06/17/2026 15:06:00,0.3410364848278214
06/17/2026 15:07:00,0.3378555437097321
06/17/2026 15:08:00,0.34428408626168516
06/17/2026 15:09:00,0.34666915542704346
06/17/2026 15:10:00,0.34513269199941354
06/17/2026 15:11:00,0.36175151062062416
06/17/2026 15:12:00,0.35008925657818474
06/17/2026 15:13:00,0.34765368323779405
06/17/2026 15:14:00,0.3539487317551478
06/17/2026 15:15:00,0.35068532237762234
06/17/2026 15:16:00,0.34598632368928633
06/17/2026 15:17:00,0.350212027767298
06/17/2026 15:18:00,0.35910224438902744
06/17/2026 15:19:00,0.35370923197736126
06/17/2026 15:20:00,0.35293889516555893
06/17/2026 15:21:00,0.3470150774897491
06/17/2026 15:22:00,0.348029301360672
06/17/2026 15:23:00,0.34825567796018164
06/17/2026 15:24:00,0.3516259443139097
06/17/2026 15:25:00,0.3499320010965207
06/17/2026 15:26:00,0.34970274635445875
06/17/2026 15:27:00,0.35264789
06/17/2026 15:28:00,0.3478278702868852
06/17/2026 15:29:00,0.35014321833754564
06/17/2026 15:30:00,0.35288387451464875
06/17/2026 15:31:00,0.3509052604912281
06/17/2026 15:32:00,0.3507886393270242
06/17/2026 15:33:00,0.3536227046368834
06/17/2026 15:34:00,0.3502975176758837
06/17/2026 15:35:00,0.35367083089740875
06/17/2026 15:36:00,0.34622128670842034
06/17/2026 15:37:00,0.35279491570520366
06/17/2026 15:38:00,0.35225069080386756
06/17/2026 15:39:00,0.3529650814814815
06/17/2026 15:40:00,0.3499327426548673
06/17/2026 15:41:00,0.35533568763250883
06/17/2026 15:42:00,0.3573022512192221
06/17/2026 15:43:00,0.3567698624992572
06/17/2026 15:44:00,0.35411932244318184
06/17/2026 15:45:00,0.35171771545518704
06/17/2026 15:46:00,0.6467205189014539
06/17/2026 15:47:00,2.785271964667596
06/17/2026 15:48:00,0.29472566843657816
06/17/2026 15:49:00,0.3190253215774287
06/17/2026 15:50:00,0.3277029246138678
06/17/2026 15:51:00,0.3364399818022511
06/17/2026 15:52:00,0.3411954084603528
06/17/2026 15:53:00,9.169517529118137
06/17/2026 15:54:00,-122.54693979591838
06/17/2026 15:55:00,0.3267202109490248
06/17/2026 15:56:00,0.3361960369257772
06/17/2026 15:57:00,0.41897807950813415
06/17/2026 15:58:00,0.5285998703664477
06/17/2026 15:59:00,0.5111708025848961
06/17/2026 16:00:00,0.46373256586413125
06/17/2026 16:01:00,0.4410364025363507
06/17/2026 16:02:00,0.4274493829673272
06/17/2026 16:03:00,0.41217990650109576
06/17/2026 16:04:00,0.3978487666176061
06/17/2026 16:05:00,0.3864228714911151
06/17/2026 16:06:00,0.3698215116988811
06/17/2026 16:07:00,0.34930542959477495
06/17/2026 16:08:00,0.342414858617131
06/17/2026 16:09:00,0.3685281309876329
06/17/2026 16:10:00,0.4467489145291559
06/17/2026 16:11:00,0.50207466959799
06/17/2026 16:12:00,0.529549225748287
06/17/2026 16:13:00,0.5451012157656585
06/17/2026 16:14:00,0.5495072789790854
06/17/2026 16:15:00,0.5573820700847081
06/17/2026 16:16:00,0.5644195370518638
06/17/2026 16:17:00,0.5705735832606108
06/17/2026 16:18:00,0.5799928509932085
06/17/2026 16:19:00,0.5753454882465734
06/17/2026 16:20:00,0.563892390659682
06/17/2026 16:21:00,0.5669356319027181
06/17/2026 16:22:00,0.5624840602125147
06/17/2026 16:23:00,0.5708833779647364
06/17/2026 16:24:00,0.5660361473609635
06/17/2026 16:25:00,0.5689309613825754
06/17/2026 16:26:00,0.5651407401309965
06/17/2026 16:27:00,0.5675511543451913
06/17/2026 16:28:00,0.570852905416552
06/17/2026 16:29:00,0.564950492397454
06/17/2026 16:30:00,0.5697749153269025
06/17/2026 16:31:00,0.5708164822126751
06/17/2026 16:32:00,0.5771301048782662
06/17/2026 16:33:00,0.5753902244309829
06/17/2026 16:34:00,0.5786839253041189
06/17/2026 16:35:00,0.5724156256532908
06/17/2026 16:36:00,0.5723430478825283
06/17/2026 16:37:00,0.5741232343601896
06/17/2026 16:38:00,0.569976526570392
06/17/2026 16:39:00,0.5565898454448778
06/17/2026 16:40:00,0.5604768954651906
06/17/2026 16:41:00,0.5650450672547462
06/17/2026 16:42:00,0.5620024655934902
06/17/2026 16:43:00,0.5684427018921814
06/17/2026 16:44:00,0.5633934275951454
06/17/2026 16:45:00,0.565105300574346
06/17/2026 16:46:00,0.5716259592614651
06/17/2026 16:47:00,0.5708445090793752
06/17/2026 16:48:00,0.5655458509504239
06/17/2026 16:49:00,0.5638584785377359
06/17/2026 16:50:00,0.5566869948847312
06/17/2026 16:51:00,0.5461170642071657
06/17/2026 16:52:00,0.5281159447128286
06/17/2026 16:53:00,0.516433311389503
06/17/2026 16:54:00,0.5096514138012804
06/17/2026 16:55:00,0.5056950211759139
06/17/2026 16:56:00,0.4983298396114246
06/17/2026 16:57:00,0.5017656543606207
06/17/2026 16:58:00,0.505541269449034
06/17/2026 16:59:00,0.4985990381273275
06/17/2026 17:00:00,0.4930566001942947
06/17/2026 17:01:00,0.49561888231958046
06/17/2026 17:02:00,0.5009514745480496
06/17/2026 17:03:00,0.5038395096347427
06/17/2026 17:04:00,0.49507795319073716
06/17/2026 17:05:00,0.48608892982173546
06/17/2026 17:06:00,0.48860724401114203
06/17/2026 17:07:00,0.49019153046191166
06/17/2026 17:08:00,0.49073710690084354
06/17/2026 17:09:00,0.4941856988751485
06/17/2026 17:10:00,0.4922936926573426
06/17/2026 17:11:00,0.4936401946591708
06/17/2026 17:12:00,0.4846118090478242
06/17/2026 17:13:00,0.4845302698069098
06/17/2026 17:14:00,0.47939698059261837
06/17/2026 17:15:00,0.47767216087016756
06/17/2026 17:16:00,0.4784272980398918
06/17/2026 17:17:00,0.4850984631849315
06/17/2026 17:18:00,0.48710319783481765
06/17/2026 17:19:00,0.4797350454147474
06/17/2026 17:20:00,0.48337883745033683
06/17/2026 17:21:00,0.48583937562744
06/17/2026 17:22:00,0.4798509878587196
06/17/2026 17:23:00,0.47772558824337313
06/17/2026 17:24:00,0.4815995653428611
06/17/2026 17:25:00,0.4921748189386056
06/17/2026 17:26:00,0.4877955335491871
06/17/2026 17:27:00,0.4872515004291846
06/17/2026 17:28:00,0.49049781392765385
06/17/2026 17:29:00,0.4834321592256714
06/17/2026 17:30:00,0.46878154380064213
06/17/2026 17:31:00,0.44678943133747234
06/17/2026 17:32:00,0.43889388212927755
06/17/2026 17:33:00,0.4314679129610915
06/17/2026 17:34:00,0.42100224057172375
06/17/2026 17:35:00,0.4197842927267699
06/17/2026 17:36:00,0.4116398575830195
06/17/2026 17:37:00,0.41771135129029446
06/17/2026 17:38:00,0.41410099145446694
06/17/2026 17:39:00,0.4181372882260778
06/17/2026 17:40:00,0.4106365924652826
06/17/2026 17:41:00,0.41816948439808777
06/17/2026 17:42:00,0.42863813583303856
06/17/2026 17:43:00,0.420209292167546
06/17/2026 17:44:00,0.4122759903879162
06/17/2026 17:45:00,0.4148606811145511
06/17/2026 17:46:00,0.41853394725548554
06/17/2026 17:47:00,0.4135812801756674
06/17/2026 17:48:00,0.4045342005769557
06/17/2026 17:49:00,0.41258762239889385
06/17/2026 17:50:00,0.4146583867494824
06/17/2026 17:51:00,0.4146722015214384
06/17/2026 17:52:00,0.4178616099282574
06/17/2026 17:53:00,0.4071464596028576
06/17/2026 17:54:00,0.41673709594735014
06/17/2026 17:55:00,0.41416586783110987
06/17/2026 17:56:00,0.4119812583356297
06/17/2026 17:57:00,0.41637845738096696
06/17/2026 17:58:00,0.4139950188001105
06/17/2026 17:59:00,0.4145351789896706
06/17/2026 18:00:00,0.4158616631578948
06/17/2026 18:01:00,0.4172659432745566
06/17/2026 18:02:00,0.4137788209305536
06/17/2026 18:03:00,0.4209673277723258
06/17/2026 18:04:00,0.4151933644106815
06/17/2026 18:05:00,0.41260149687435593
06/17/2026 18:06:00,0.41255257828178693
06/17/2026 18:07:00,0.414780984014947
06/17/2026 18:08:00,0.41143532616655176
06/17/2026 18:09:00,0.40693513515358365
06/17/2026 18:10:00,0.41226935600777415
06/17/2026 18:11:00,0.4141989017955801
06/17/2026 18:12:00,0.4136824771223815
06/17/2026 18:13:00,0.4208365083791016
06/17/2026 18:14:00,0.44178982101977105
06/17/2026 18:15:00,0.4544360045561231
06/17/2026 18:16:00,0.4623809550264551
06/17/2026 18:17:00,0.47401657527624314
06/17/2026 18:18:00,0.4769439374272609
06/17/2026 18:19:00,0.48699804729652174
06/17/2026 18:20:00,0.48965614269803687
06/17/2026 18:21:00,0.476120588194737
06/17/2026 18:22:00,0.4762243433652531
06/17/2026 18:23:00,0.48453051295625515
06/17/2026 18:24:00,0.48208479307369273
06/17/2026 18:25:00,0.48011199665974874
06/17/2026 18:26:00,0.4860361164949832
06/17/2026 18:27:00,0.4796679245935663
06/17/2026 18:28:00,0.4861354111173029
06/17/2026 18:29:00,0.47998354660537246
06/17/2026 18:30:00,0.4867414811458841
06/17/2026 18:31:00,0.47514916283306763
06/17/2026 18:32:00,0.4824793374655647
06/17/2026 18:33:00,0.48732737757317823
06/17/2026 18:34:00,0.4877838720744497
06/17/2026 18:35:00,0.4814787319778189
06/17/2026 18:36:00,0.48237471496967765
06/17/2026 18:37:00,0.48153969487383136
06/17/2026 18:38:00,0.47619568010385355
06/17/2026 18:39:00,0.48935931128133703
06/17/2026 18:40:00,0.4838781197291474
06/17/2026 18:41:00,0.4881511904577492
06/17/2026 18:42:00,0.48405877460493485
06/17/2026 18:43:00,0.4795722232124494
06/17/2026 18:44:00,0.47797987901183875
06/17/2026 18:45:00,0.4785421096848137
06/17/2026 18:46:00,0.48464806094682766
06/17/2026 18:47:00,0.47960322559757523
06/17/2026 18:48:00,0.4842637050659264
06/17/2026 18:49:00,0.4897021902310047
06/17/2026 18:50:00,0.48528666779089374
06/17/2026 18:51:00,0.49387972755244763
06/17/2026 18:52:00,0.491702424491502
06/17/2026 18:53:00,0.4813967866027616
06/17/2026 18:54:00,0.4836963838662891
06/17/2026 18:55:00,0.4878838752691158
06/17/2026 18:56:00,0.48563842399388335
06/17/2026 18:57:00,0.4583480521789322
06/17/2026 18:58:00,0.4307382279563956
06/17/2026 18:59:00,0.42052044471981276
06/17/2026 19:00:00,0.41551850030639353
06/17/2026 19:01:00,0.42077760882940207
06/17/2026 19:02:00,0.417096237753648
06/17/2026 19:03:00,0.4230132284093297
06/17/2026 19:04:00,0.4091199265929867
06/17/2026 19:05:00,0.4145599240637703
06/17/2026 19:06:00,0.41656071422623175
06/17/2026 19:07:00,0.41662942150685656
06/17/2026 19:08:00,0.4260986791789681
06/17/2026 19:09:00,0.4205696595085774
06/17/2026 19:10:00,0.42146037065368563
06/17/2026 19:11:00,0.4297129933754963
06/17/2026 19:12:00,0.478022074870792
06/17/2026 19:13:00,0.5019539604508055
06/17/2026 19:14:00,0.517906085511191
06/17/2026 19:15:00,0.5308478796826492
06/17/2026 19:16:00,0.5357718479739384
06/17/2026 19:17:00,0.5435224780706069
06/17/2026 19:18:00,0.5529198537979093
06/17/2026 19:19:00,0.5553554580429328
06/17/2026 19:20:00,0.5550594667223032
06/17/2026 19:21:00,0.5486255303299856
06/17/2026 19:22:00,0.5568220671823821
06/17/2026 19:23:00,0.5469386626185441
06/17/2026 19:24:00,0.5479493522766176
06/17/2026 19:25:00,0.5545079060708611
06/17/2026 19:26:00,0.5549161004829575
06/17/2026 19:27:00,0.5490236128987709
06/17/2026 19:28:00,0.5483133751625043
06/17/2026 19:29:00,0.5530445942322019
06/17/2026 19:30:00,0.5530764556293352
06/17/2026 19:31:00,0.5511123463532666
06/17/2026 19:32:00,0.5527806179930795
06/17/2026 19:33:00,0.5520128000376519
06/17/2026 19:34:00,0.5592677043317326
06/17/2026 19:35:00,0.5619306483130272
06/17/2026 19:36:00,0.5428040434544958
06/17/2026 19:37:00,0.5525165583609271
06/17/2026 19:38:00,0.5503773307692308
06/17/2026 19:39:00,0.551445054189371
06/17/2026 19:40:00,0.555527716412316
06/17/2026 19:41:00,0.5485949708004122
06/17/2026 19:42:00,0.5501151461304922
06/17/2026 19:43:00,0.5570703750087358
06/17/2026 19:44:00,0.5583016762569832
06/17/2026 19:45:00,0.5411939959388115
06/17/2026 19:46:00,0.5523664274809159
06/17/2026 19:47:00,0.5602984553005773
06/17/2026 19:48:00,0.5501039988979958
06/17/2026 19:49:00,0.5494220278080698
06/17/2026 19:50:00,0.5605439530978978
06/17/2026 19:51:00,0.5623880601160862
06/17/2026 19:52:00,0.5613061178830856
06/17/2026 19:53:00,0.5609159234257676
06/17/2026 19:54:00,0.5495640395095368
06/17/2026 19:55:00,0.5567633058079675
06/17/2026 19:56:00,0.5596708728705528
06/17/2026 19:57:00,0.5569832362444573
06/17/2026 19:58:00,0.5441646494923682
06/17/2026 19:59:00,0.5504579559414537
06/17/2026 20:00:00,0.5446167781414111
06/17/2026 20:01:00,0.544339199787238
06/17/2026 20:02:00,0.5528538090539254
06/17/2026 20:03:00,0.5592939565335718
06/17/2026 20:04:00,0.5514331367502915
06/17/2026 20:05:00,0.5456890863783578
06/17/2026 20:06:00,0.5563590881045024
06/17/2026 20:07:00,0.5593480569296988
06/17/2026 20:08:00,0.560416697827428
06/17/2026 20:09:00,0.5602372339273889
06/17/2026 20:10:00,0.5626004508928572
06/17/2026 20:11:00,0.5568695678398895
06/17/2026 20:12:00,0.5614802222854793
06/17/2026 20:13:00,0.5481210721873215
06/17/2026 20:14:00,0.5484579432553508
06/17/2026 20:15:00,0.5444200061985113
06/17/2026 20:16:00,0.5528869275949954
06/17/2026 20:17:00,0.548772022164097
06/17/2026 20:18:00,0.5485808689550802
06/17/2026 20:19:00,0.5552836032930997
06/17/2026 20:20:00,0.557046560541559
06/17/2026 20:21:00,0.5489162159521893
06/17/2026 20:22:00,0.5526626944637157
06/17/2026 20:23:00,0.5525117682082527
06/17/2026 20:24:00,0.5568309558959006
06/17/2026 20:25:00,0.5642776104365977
06/17/2026 20:26:00,0.5602263898398674
06/17/2026 20:27:00,0.5613403638471796
06/17/2026 20:28:00,0.5602668887962191
06/17/2026 20:29:00,0.553593125631619
06/17/2026 20:30:00,0.5471019805029993
06/17/2026 20:31:00,0.5513838390036875
06/17/2026 20:32:00,0.5556336258190435
06/17/2026 20:33:00,0.5502461394994107
06/17/2026 20:34:00,0.5541653119906867
06/17/2026 20:35:00,0.5511689837950138
06/17/2026 20:36:00,0.5517817742763933
06/17/2026 20:37:00,0.5532341930507296
06/17/2026 20:38:00,0
06/17/2026 20:39:00,0.5498335546653773
06/17/2026 20:40:00,0.5584186719284766
06/17/2026 20:41:00,0.5596274072305991
06/17/2026 20:42:00,0.5560391190624783
06/17/2026 20:43:00,0.5500501276011265
06/17/2026 20:44:00,0.5526265564711587
06/17/2026 20:45:00,0.5530025216383307
06/17/2026 20:46:00,0.56498410538956
06/17/2026 20:47:00,0.6191944360262853
06/17/2026 20:48:00,0.6406080077333333
06/17/2026 20:49:00,0.49941574644194753
06/17/2026 20:50:00,0.5005703563146348
06/17/2026 20:51:00,0.3754756927413671
06/17/2026 20:52:00,0.4833499219565481
06/17/2026 20:53:00,0.5001925214401799
06/17/2026 20:54:00,0.519221384807244
06/17/2026 20:55:00,0.552327406779661
06/17/2026 20:56:00,0.47051454132712456
06/17/2026 20:57:00,0.8984000521346659
06/17/2026 20:58:00,-168.64499925
06/17/2026 20:59:00,2.0428012403785485
06/17/2026 21:00:00,1.9751900093160093
06/17/2026 21:01:00,2.0272676094624855
06/17/2026 21:02:00,1.9794679837438425
06/17/2026 21:03:00,2.0108324990611313
06/17/2026 21:04:00,1.7487982734288863
06/17/2026 21:05:00,1.9811800574886533
06/17/2026 21:06:00,1.8682508842603551
06/17/2026 21:07:00,2.0037807435412733
06/17/2026 21:08:00,2.2402255937940767
06/17/2026 21:09:00,1.9817456648237104
06/17/2026 21:10:00,2.049458283953787
06/17/2026 21:11:00,1.8551351291291294
06/17/2026 21:12:00,1.6311947434533551
06/17/2026 21:13:00,1.681008766841798
06/17/2026 21:14:00,1.577095495264404
06/17/2026 21:15:00,1.5842605645665404
06/17/2026 21:16:00,1.5739304667059517
06/17/2026 21:17:00,1.5354890174450548
06/17/2026 21:18:00,1.5779251231122784
06/17/2026 21:19:00,1.658988226718976
06/17/2026 21:20:00,1.6484100663638233
06/17/2026 21:21:00,1.6696033413361169
06/17/2026 21:22:00,1.6836754351180732
06/17/2026 21:23:00,1.63324491330322
06/17/2026 21:24:00,1.5808323313515655
06/17/2026 21:25:00,1.599260203699075
06/17/2026 21:26:00,1.5881805448399287
06/17/2026 21:27:00,1.59627550139455
06/17/2026 21:28:00,1.6001203161236426
06/17/2026 21:29:00,1.6008334641471476
06/17/2026 21:30:00,1.5995618974256345
06/17/2026 21:31:00,1.5963279057785371
06/17/2026 21:32:00,1.6153053824667678
06/17/2026 21:33:00,1.619636957240823
06/17/2026 21:34:00,1.0577929793502565
06/17/2026 21:35:00,0.8077871739083481
06/17/2026 21:36:00,0.7606850299108199
06/17/2026 21:37:00,0.738043115164916
06/17/2026 21:38:00,0.74223293694362
06/17/2026 21:39:00,0.7346628804696816
06/17/2026 21:40:00,0.7270805491135054
06/17/2026 21:41:00,0.6934774781448115
06/17/2026 21:42:00,0.6725454619528619
06/17/2026 21:43:00,0.6284927223352638
06/17/2026 21:44:00,0.6631415579625951
06/17/2026 21:45:00,0.6841019756373937
06/17/2026 21:46:00,0.6824944030188329
06/17/2026 21:47:00,0.6741261264448862
06/17/2026 21:48:00,0.6328951172305657
06/17/2026 21:49:00,0.6035180686568764
06/17/2026 21:50:00,0.5901290999631134
06/17/2026 21:51:00,0.5885546604304231
06/17/2026 21:52:00,0.5868478719859711
06/17/2026 21:53:00,0.5845518494122928
06/17/2026 21:54:00,0.5831737567436208
06/17/2026 21:55:00,0.5796406828455519
06/17/2026 21:56:00,0.5694810941704035
06/17/2026 21:57:00,0.5757236274215798
06/17/2026 21:58:00,0.5744647723670941
06/17/2026 21:59:00,0.5731313646805456
06/17/2026 22:00:00,0.5953583603170303
06/17/2026 22:01:00,0.6830319685350361
06/17/2026 22:02:00,0.674179417388101
06/17/2026 22:03:00,0.6851776018462774
06/17/2026 22:04:00,0.6751828553643987
06/17/2026 22:05:00,0.6798071374691953
06/17/2026 22:06:00,0.678030776552778
06/17/2026 22:07:00,0.6726223680364911
06/17/2026 22:08:00,0.6669036317332353
06/17/2026 22:09:00,0.5669275457779442
06/17/2026 22:10:00,0.5272450804718218
06/17/2026 22:11:00,0.5059708987168519
06/17/2026 22:12:00,0.5018181697985442
06/17/2026 22:13:00,0.5018200079058032
06/17/2026 22:14:00,0.5033391827926855
06/17/2026 22:15:00,0.5021782945710456
06/17/2026 22:16:00,0.5025357861387085
06/17/2026 22:17:00,0.5011882605140187
06/17/2026 22:18:00,0.5035613739934179
06/17/2026 22:19:00,0.5010371482101038
06/17/2026 22:20:00,0.4990336572809063
06/17/2026 22:21:00,0.4990425441678462
06/17/2026 22:22:00,0.4985383389266399
06/17/2026 22:23:00,0.4992321953059514
06/17/2026 22:24:00,0.499880611774461
06/17/2026 22:25:00,0.5039158037086534
06/17/2026 22:26:00,0.5023017646370024
06/17/2026 22:27:00,0.4980324768013327
06/17/2026 22:28:00,0.4995847504412283
06/17/2026 22:29:00,0.49858779453474245
06/17/2026 22:30:00,0.4987307297597556
06/17/2026 22:31:00,0.4994275234916132
06/17/2026 22:32:00,0.500514192988314
06/17/2026 22:33:00,0.4992526156784587
06/17/2026 22:34:00,0.5045697849806366
06/17/2026 22:35:00,0.4955409975955559
06/17/2026 22:36:00,0.4954935099700898
06/17/2026 22:37:00,0.498013514635977
06/17/2026 22:38:00,0.5032437171533297
06/17/2026 22:39:00,0.5020045869079868
06/17/2026 22:40:00,0.5041196954280964
06/17/2026 22:41:00,0.5027705129529364
06/17/2026 22:42:00,0.5050083322774259
06/17/2026 22:43:00,0.5019836681113519
06/17/2026 22:44:00,0.49015135793765996
06/17/2026 22:45:00,0.497356906226431
06/17/2026 22:46:00,0.5026061369840003
06/17/2026 22:47:00,0.49954280160186876
06/17/2026 22:48:00,0.4973628341541235
06/17/2026 22:49:00,0.5009347281740775
06/17/2026 22:50:00,0.49578163771712147
06/17/2026 22:51:00,0.4994838341267854
06/17/2026 22:52:00,0.498039671549343
06/17/2026 22:53:00,0.5007647908961593
06/17/2026 22:54:00,0.5037778273705279
06/17/2026 22:55:00,0.5019151501979029
06/17/2026 22:56:00,0.5071701751190574
06/17/2026 22:57:00,0.5044858652754244
06/17/2026 22:58:00,0.5045159100149975
06/17/2026 22:59:00,0.4974503934402189
06/17/2026 23:00:00,0.4936283983298538
06/17/2026 23:01:00,0.49685230458378554
06/17/2026 23:02:00,0.5009062003009529
06/17/2026 23:03:00,0.49982064970455325
06/17/2026 23:04:00,0.4941785668768669
06/17/2026 23:05:00,0.49785256909620995
06/17/2026 23:06:00,0.49656413336667493
06/17/2026 23:07:00,0.5020759008125996
06/17/2026 23:08:00,0.49802750854522726
06/17/2026 23:09:00,0.49853064679789305
06/17/2026 23:10:00,0.5012422915903415
06/17/2026 23:11:00,0.5047218060150375
06/17/2026 23:12:00,0.5052494615384615
06/17/2026 23:13:00,0.5050459128402072
06/17/2026 23:14:00,0.5013218238126868
06/17/2026 23:15:00,0.5007261902065291
06/17/2026 23:16:00,0.4955577857621441
06/17/2026 23:17:00,0.49692640890304485
06/17/2026 23:18:00,0.4991261741281348
06/17/2026 23:19:00,0.4990301313746767
06/17/2026 23:20:00,0.4976240837714998
06/17/2026 23:21:00,0.49848034761940696
06/17/2026 23:22:00,0.501028727703291
06/17/2026 23:23:00,0.49978948220551384
06/17/2026 23:24:00,0.5020870020953819
06/17/2026 23:25:00,0.4968438554817276
06/17/2026 23:26:00,0.4987799988333333
06/17/2026 23:27:00,0.5043633709858883
06/17/2026 23:28:00,0.5022281283671434
06/17/2026 23:29:00,0.501458820484429
06/17/2026 23:30:00,0.49393959176900104
06/17/2026 23:31:00,0.49602801283975323
06/17/2026 23:32:00,0.4960280130065031
06/17/2026 23:33:00,0.49675859145071233
06/17/2026 23:34:00,0.49984509301514196
06/17/2026 23:35:00,0.5010822975081801
06/17/2026 23:36:00,0.499913185308848
06/17/2026 23:37:00,0.49727348649991726
06/17/2026 23:38:00,0.49849614229625233
06/17/2026 23:39:00,0.49703348618826004
06/17/2026 23:40:00,0.4912722093798924
06/17/2026 23:41:00,0.48618436335555193
06/17/2026 23:42:00,0.48302325662144713
06/17/2026 23:43:00,0.4820157180530873
06/17/2026 23:44:00,0.48360153359683794
06/17/2026 23:45:00,0.48092486721258837
06/17/2026 23:46:00,0.4792095077120823
06/17/2026 23:47:00,0.48872832177263986
06/17/2026 23:48:00,0.514726485570807
06/17/2026 23:49:00,0.532638322213312
06/17/2026 23:50:00,0.5441732847172083
06/17/2026 23:51:00,0.7473462478581173
06/17/2026 23:52:00,4.919155318417967
06/17/2026 23:53:00,0.43417266875352156
06/17/2026 23:54:00,0.973673001399776
06/17/2026 23:55:00,0.8010092902855831
06/17/2026 23:56:00,1.421719887796888
06/17/2026 23:57:00,1.442731049655173
06/17/2026 23:58:00,2.0890050288090287
06/17/2026 23:59:00,2.075542514369501
06/18/2026 00:00:00,1.8715101046971026
06/18/2026 00:01:00,1.706628247838616
06/18/2026 00:02:00,1.5747264368385498
06/18/2026 00:03:00,1.5096318819429313
06/18/2026 00:04:00,1.450081507628004
06/18/2026 00:05:00,1.416154882472826
06/18/2026 00:06:00,1.3875449057884233
06/18/2026 00:07:00,1.3333486387614677
06/18/2026 00:08:00,1.3133458684210528
06/18/2026 00:09:00,1.2970428006062644
06/18/2026 00:10:00,1.2606498415162453
06/18/2026 00:11:00,1.217041185973482
06/18/2026 00:12:00,1.1753493894595053
06/18/2026 00:13:00,1.122811745787193
06/18/2026 00:14:00,1.0640828587670546
06/18/2026 00:15:00,0.9934487601476013
06/18/2026 00:16:00,0.9257007132479196
06/18/2026 00:17:00,0.8680198498759304
06/18/2026 00:18:00,0.8192692228393257
06/18/2026 00:19:00,0.7359446572169792
06/18/2026 00:20:00,0.7347000755630394
06/18/2026 00:21:00,0.708449191807083
06/18/2026 00:22:00,0.6702005381793931
06/18/2026 00:23:00,0.6377965661303518
06/18/2026 00:24:00,0.5961273818825193
06/18/2026 00:25:00,0.5586157384578583
06/18/2026 00:26:00,0.7476923036211701
06/18/2026 00:27:00,0.8566794725848565
06/18/2026 00:28:00,0.9242160926906776
06/18/2026 00:29:00,0.8589208977580685
06/18/2026 00:30:00,0.9468838207026518
06/18/2026 00:31:00,1.1039850120143548
06/18/2026 00:32:00,1.2785289345592206
06/18/2026 00:33:00,1.1703728371168187
06/18/2026 00:34:00,1.1406948623754378
06/18/2026 00:35:00,1.0820420107312587
06/18/2026 00:36:00,1.039166007365439
06/18/2026 00:37:00,0.9940228456531176
06/18/2026 00:38:00,0.9594168682170545
06/18/2026 00:39:00,0.9336680132253709
06/18/2026 00:40:00,0.8905990765488989
06/18/2026 00:41:00,0.8498748022694238
06/18/2026 00:42:00,0.8062669542873642
06/18/2026 00:43:00,0.7580141116784356
06/18/2026 00:44:00,0.707950882674684
06/18/2026 00:45:00,0.6955263299441784
06/18/2026 00:46:00,0.6735595865792521
06/18/2026 00:47:00,0.6471168805369127
06/18/2026 00:48:00,0.6199919475848722
06/18/2026 00:49:00,0.593210629060989
06/18/2026 00:50:00,0.5580171111383784
06/18/2026 00:51:00,0.5322286409242931
06/18/2026 00:52:00,0.5026648578829925
06/18/2026 00:53:00,0.4757843183551198
06/18/2026 00:54:00,0.4824968445798369
06/18/2026 00:55:00,0.5073165040133053
06/18/2026 00:56:00,0.5097679851160075
06/18/2026 00:57:00,0.5013926168519183
06/18/2026 00:58:00,0.497945836662165
06/18/2026 00:59:00,0.4967129523236045
06/18/2026 01:00:00,0.49159754971027214
06/18/2026 01:01:00,0.490387123726551
06/18/2026 01:02:00,0.49308967739668264
06/18/2026 01:03:00,0.49088390468192317
06/18/2026 01:04:00,0.48849520836966004
06/18/2026 01:05:00,0.4888527774094659
06/18/2026 01:06:00,0.4874371775544387
06/18/2026 01:07:00,0.4837555070904645
06/18/2026 01:08:00,0.4616323232590529
06/18/2026 01:09:00,0.44545860496236417
06/18/2026 01:10:00,0.43318704028793686
06/18/2026 01:11:00,0.4280632104600755
06/18/2026 01:12:00,0.4209490887614836
06/18/2026 01:13:00,0.41916101010660395
06/18/2026 01:14:00,0.41807096826609264
06/18/2026 01:15:00,0.41555414261823476
06/18/2026 01:16:00,0.4187134240413494
06/18/2026 01:17:00,0.41672374286595715
06/18/2026 01:18:00,0.4182452334838485
06/18/2026 01:19:00,0.4176639509719097
06/18/2026 01:20:00,0.4166321086202243
06/18/2026 01:21:00,0.41142151129109755
06/18/2026 01:22:00,0.41807419813811303
06/18/2026 01:23:00,0.4177055237308461
06/18/2026 01:24:00,0.416308916398511
06/18/2026 01:25:00,0.41288627888005536
06/18/2026 01:26:00,0.4169440990276653
06/18/2026 01:27:00,0.41632789158127936
06/18/2026 01:28:00,0.41627524469248023
06/18/2026 01:29:00,0.41427148906555716
06/18/2026 01:30:00,0.41298205999999993
06/18/2026 01:31:00,0.4128996802585436
06/18/2026 01:32:00,0.41658178502532806
06/18/2026 01:33:00,0.4140298485351022
06/18/2026 01:34:00,0.40896620567984127
06/18/2026 01:35:00,0.4132896381264509
06/18/2026 01:36:00,0.4137200132186199
06/18/2026 01:37:00,0.40677442746026365
06/18/2026 01:38:00,0.40152257447526485
06/18/2026 01:39:00,0.4061726812274613
06/18/2026 01:40:00,0.4061613376570733
06/18/2026 01:41:00,0.406006610999974
06/18/2026 01:42:00,0.404605638667925
06/18/2026 01:43:00,0.4068312497287031
06/18/2026 01:44:00,0.025071514637080596
06/18/2026 01:45:00,0.0010702702702702703
06/18/2026 01:46:00,0.0011577229528655084
06/18/2026 01:47:00,0.0011326593769341864
06/18/2026 01:48:00,0.0010655186331225619
06/18/2026 01:49:00,0.0011085717035148076
06/18/2026 01:50:00,0.001102972856527359
06/18/2026 01:51:00,0.0011083595475537115
06/18/2026 01:52:00,0.001203691320048148
06/18/2026 01:53:00,0.001167567567567568
06/18/2026 01:54:00,0.001156703929312538
06/18/2026 01:55:00,0.0011681200567836142
06/18/2026 01:56:00,0.0010472852135345876
06/18/2026 01:57:00,0.0010786816113638892
06/18/2026 01:58:00,0.0011197511664074655
06/18/2026 01:59:00,0.0012060301507537691
06/18/2026 02:00:00,0.001198003327787022
06/18/2026 02:01:00,0.0010597444303204657
06/18/2026 02:02:00,0.0011163408826623848
06/18/2026 02:03:00,0.001021759697256386
06/18/2026 02:04:00,0.001094803649345498
06/18/2026 02:05:00,0.0011084279159623283
06/18/2026 02:06:00,0.0012065556188624864
06/18/2026 02:07:00,0.0011231762150919159
06/18/2026 02:08:00,0.0011428993318321093
06/18/2026 02:09:00,0.0012049056874417273
06/18/2026 02:10:00,0.0012117132278694047
06/18/2026 02:11:00,0.0010937939571259779
06/18/2026 02:12:00,0.0011419508326724825
06/18/2026 02:13:00,0.0011641851377753828
06/18/2026 02:14:00,0.0011672629695885514
06/18/2026 02:15:00,0.001159887233185663
06/18/2026 02:16:00,0.0012037718183642082
06/18/2026 02:17:00,0.0011326961123161634
06/18/2026 02:18:00,0.0012200908289839358
06/18/2026 02:19:00,0.001147715196599363
06/18/2026 02:20:00,0.001156316916488223
06/18/2026 02:21:00,0.0011216825237856788
06/18/2026 02:22:00,0.001167015600729385
06/18/2026 02:23:00,0.0010616901953200545
06/18/2026 02:24:00,0.0012061727665109683
06/18/2026 02:25:00,0.0011619268010474393
06/18/2026 02:26:00,0.0011139685128269464
06/18/2026 02:27:00,0.0011152266145868412
06/18/2026 02:28:00,0.0011059169226659542
06/18/2026 02:29:00,0.00102
06/18/2026 02:30:00,0.0011516928818981608
06/18/2026 02:31:00,0.001166385420182248
06/18/2026 02:32:00,0.0011360513055428312
06/18/2026 02:33:00,0.0011415736275351789
06/18/2026 02:34:00,0.0011539232053422374
06/18/2026 02:35:00,0.03895710658816933
06/18/2026 02:36:00,0.1343017667201712
06/18/2026 02:37:00,0.13906571971623613
06/18/2026 02:38:00,0.14650992784758815
06/18/2026 02:39:00,0.15171956649658738
06/18/2026 02:40:00,0.16786099474069638
06/18/2026 02:41:00,0.18206276171127633
06/18/2026 02:42:00,0.1890399892284906
06/18/2026 02:43:00,0.19211850070060718
06/18/2026 02:44:00,0.1956360274246156
06/18/2026 02:45:00,0.19571310916017892
06/18/2026 02:46:00,0.2011721798784605
06/18/2026 02:47:00,0.19950411780473098
06/18/2026 02:48:00,0.1997189335474804
06/18/2026 02:49:00,0.2006328839041324
06/18/2026 02:50:00,0.19935445267981663
06/18/2026 02:51:00,0.20051487959238395
06/18/2026 02:52:00,0.20135182065436916
06/18/2026 02:53:00,0.19921589218543048
06/18/2026 02:54:00,0.20207136973437081
06/18/2026 02:55:00,0.20261232856564565
06/18/2026 02:56:00,0.19974038099698896
06/18/2026 02:57:00,0.2004589946082594
06/18/2026 02:58:00,0.20062813404610763
06/18/2026 02:59:00,0.2035731624898949
06/18/2026 03:00:00,0.20237526350945165
06/18/2026 03:01:00,0.20095309424104493
06/18/2026 03:02:00,0.20066755674232314
06/18/2026 03:03:00,0.20162907788623358
06/18/2026 03:04:00,0.19773719125076333
06/18/2026 03:05:00,0.20206966243876248
06/18/2026 03:06:00,0.20001604116546373
06/18/2026 03:07:00,0.19758007989846485
06/18/2026 03:08:00,0.20130791411017127
06/18/2026 03:09:00,0.2016501498794535
06/18/2026 03:10:00,0.20156709629729183
06/18/2026 03:11:00,0.20324032403215994
06/18/2026 03:12:00,0.20040791641671674
06/18/2026 03:13:00,0.1976022228397512
06/18/2026 03:14:00,0.20177313264790162
06/18/2026 03:15:00,0.2014137037876767
06/18/2026 03:16:00,0.20155580719194074
06/18/2026 03:17:00,0.20077619471994632
06/18/2026 03:18:00,0.20149380006704662
06/18/2026 03:19:00,0.20029803781138794
06/18/2026 03:20:00,0.2019494468486687
06/18/2026 03:21:00,0.20074796313610258
06/18/2026 03:22:00,0.19918726130583428
06/18/2026 03:23:00,0.20287991111711465
06/18/2026 03:24:00,0.20060839211098108
06/18/2026 03:25:00,0.20284568017290763
06/18/2026 03:26:00,0.19938829295212768
06/18/2026 03:27:00,0.20252733427838526
06/18/2026 03:28:00,0.1987616999437139
06/18/2026 03:29:00,0.20165497557963286
06/18/2026 03:30:00,0.19909921433302427
06/18/2026 03:31:00,0.2045534663231126
06/18/2026 03:32:00,0.20476840949354252
06/18/2026 03:33:00,0.2034092430229962
06/18/2026 03:34:00,0.20256520851601398
06/18/2026 03:35:00,0.20155225177211236
06/18/2026 03:36:00,0.19968863306938667
06/18/2026 03:37:00,0.19923865353387463
06/18/2026 03:38:00,0.19691612720988969
06/18/2026 03:39:00,0.20154784843404203
06/18/2026 03:40:00,0.19982654039629058
06/18/2026 03:41:00,0.2018428292748735
06/18/2026 03:42:00,0.19779521628891436
06/18/2026 03:43:00,0.2015845284006983
06/18/2026 03:44:00,0.20099255417700582
06/18/2026 03:45:00,0.20118358950907872
06/18/2026 03:46:00,0.19952733627077907
06/18/2026 03:47:00,0.12487659774156468
06/18/2026 03:48:00,0.0010520722635494158
06/18/2026 03:49:00,0.00105832832230908
06/18/2026 03:50:00,0.0011642689862830383
06/18/2026 03:51:00,0.0009670270633268419
06/18/2026 03:52:00,0.0011021630615640602
06/18/2026 03:53:00,0.0010760869565217394
06/18/2026 03:54:00,0.0011004784688995216
06/18/2026 03:55:00,0.0010779176590677102
06/18/2026 03:56:00,0.0011251883685884916
06/18/2026 03:57:00,0.0012185215272136477
06/18/2026 03:58:00,0.00105832832230908
06/18/2026 03:59:00,0.001204899926367227
06/18/2026 04:00:00,0.0011527720892132408
06/18/2026 04:01:00,0.0010855570180686848
06/18/2026 04:02:00,0.001210209200693026
06/18/2026 04:03:00,0.001120346123192531
06/18/2026 04:04:00,0.001154539987973542
06/18/2026 04:05:00,0.0010973751058425065
06/18/2026 04:06:00,0.0011598093831800794
06/18/2026 04:07:00,0.0011227879856261446
06/18/2026 04:08:00,0.0011526916149689817
06/18/2026 04:09:00,0.0011609782316581569
06/18/2026 04:10:00,0.0011638714891897355
06/18/2026 04:11:00,0.001162775048785412
06/18/2026 04:12:00,0.0011285266457680253
06/18/2026 04:13:00,0.0011640282923543281
06/18/2026 04:14:00,0.09707756418873505
06/18/2026 04:15:00,0.1340226094031248
06/18/2026 04:16:00,0.14178940839926962
06/18/2026 04:17:00,0.15121901612993868
06/18/2026 04:18:00,0.16383609563409565
06/18/2026 04:19:00,0.17857249020538196
06/18/2026 04:20:00,0.18533892901419716
06/18/2026 04:21:00,0.1923465701296965
06/18/2026 04:22:00,0.1963672760075496
06/18/2026 04:23:00,0.1992434587525151
06/18/2026 04:24:00,0.20050632803662802
06/18/2026 04:25:00,0.20245081926263964
06/18/2026 04:26:00,0.20872821203282915
06/18/2026 04:27:00,0.23315715478672458
06/18/2026 04:28:00,0.24242649687375284
06/18/2026 04:29:00,0.2563125802469135
06/18/2026 04:30:00,0.25555348368189684
06/18/2026 04:31:00,0.2616338028169013
06/18/2026 04:32:00,0.26653846505958834
06/18/2026 04:33:00,0.2723881321355135
06/18/2026 04:34:00,0.2802610523441662
06/18/2026 04:35:00,0.31079877548518886
06/18/2026 04:36:00,0.3203009542953396
06/18/2026 04:37:00,0.3269045829260127
06/18/2026 04:38:00,0.33592838559609384
06/18/2026 04:39:00,0.33739638041142156
06/18/2026 04:40:00,0.33961710359809905
06/18/2026 04:41:00,0.3384081641723356
06/18/2026 04:42:00,0.3354322107363826
06/18/2026 04:43:00,0.3349120474966171
06/18/2026 04:44:00,0.33923077005494506
06/18/2026 04:45:00,0.3369084148698885
06/18/2026 04:46:00,0.338820652100156
06/18/2026 04:47:00,0.3382071807207564
06/18/2026 04:48:00,0.3391678598073376
06/18/2026 04:49:00,0.33546803388899066
06/18/2026 04:50:00,0.332362874644145
06/18/2026 04:51:00,0.3309739918005632
06/18/2026 04:52:00,0.32478362179321063
06/18/2026 04:53:00,0.3246505058195615
06/18/2026 04:54:00,0.3350046334967537
06/18/2026 04:55:00,0.32425805017652726
06/18/2026 04:56:00,0.32390971603112334
06/18/2026 04:57:00,0.309840252019984
06/18/2026 04:58:00,0.3243327377979569
06/18/2026 04:59:00,0.3069581254785724
06/18/2026 05:00:00,0.31268878693715085
06/18/2026 05:01:00,0.30517512822095355
06/18/2026 05:02:00,0.31571873751193125
06/18/2026 05:03:00,0.29935579322473166
06/18/2026 05:04:00,0.30344212538009324
06/18/2026 05:05:00,0.3052891540530628
06/18/2026 05:06:00,0.29996398066994834
06/18/2026 05:07:00,0.29932726113725105
06/18/2026 05:08:00,0.3002186802012108
06/18/2026 05:09:00,0.3056739515408138
06/18/2026 05:10:00,0.3336139414610547
06/18/2026 05:11:00,0.3340948211843106
06/18/2026 05:12:00,0.33598380160030844
06/18/2026 05:13:00,0.3481935815162796
06/18/2026 05:14:00,0.33766216905894597
06/18/2026 05:15:00,0.32090693984273233
06/18/2026 05:16:00,0.28155472110886515
06/18/2026 05:17:00,0.2622455677356898
06/18/2026 05:18:00,0.25407065459854017
06/18/2026 05:19:00,0.2465782500442087
06/18/2026 05:20:00,0.24239610076031592
06/18/2026 05:21:00,0.24340150173424227
06/18/2026 05:22:00,0.23804063211189166
06/18/2026 05:23:00,0.23930569696454015
06/18/2026 05:24:00,0.2366562009419152
06/18/2026 05:25:00,0.23788113823546833
06/18/2026 05:26:00,0.2357218489234028
06/18/2026 05:27:00,0.2409962075437646
06/18/2026 05:28:00,0.23843239736357696
06/18/2026 05:29:00,0.2371591691544894
06/18/2026 05:30:00,0.23869611414925368
06/18/2026 05:31:00,0.24053317430201138
06/18/2026 05:32:00,0.24681087512954514
06/18/2026 05:33:00,0.24131904671634838
06/18/2026 05:34:00,0.244978519209525
06/18/2026 05:35:00,0.24487941579201503
06/18/2026 05:36:00,0.2510880935664649
06/18/2026 05:37:00,0.25034714171954703
06/18/2026 05:38:00,0.25483295540191064
06/18/2026 05:39:00,0.2543472132757266
06/18/2026 05:40:00,0.2508900229684184
06/18/2026 05:41:00,0.25491137780318907
06/18/2026 05:42:00,0.2528306620854873
06/18/2026 05:43:00,0.25468867540739953
06/18/2026 05:44:00,0.24889952266431628
06/18/2026 05:45:00,0.2514878259879861
06/18/2026 05:46:00,0.2505098445229682
06/18/2026 05:47:00,0.2540097675652728
06/18/2026 05:48:00,0.25968468949285883
06/18/2026 05:49:00,0.2504143007668351
06/18/2026 05:50:00,0.2591287362114997
06/18/2026 05:51:00,0.24907107885169857
06/18/2026 05:52:00,0.25799903613296926
06/18/2026 05:53:00,0.2572054564674226
06/18/2026 05:54:00,0.2588743251092264
06/18/2026 05:55:00,0.2608282898199725
06/18/2026 05:56:00,0.26060519950754873
06/18/2026 05:57:00,0.2581241370114942
06/18/2026 05:58:00,0.2575809966438621
06/18/2026 05:59:00,0.2555346776476644
06/18/2026 06:00:00,0.25565552570694083
06/18/2026 06:01:00,0.2533921384467881
06/18/2026 06:02:00,0.2627058895367883
06/18/2026 06:03:00,0.2566752169483852
06/18/2026 06:04:00,0.26155332345646776
06/18/2026 06:05:00,0.25767832749143116
06/18/2026 06:06:00,0.25607532933875454
06/18/2026 06:07:00,0.2587339728516518
06/18/2026 06:08:00,0.26376518523868936
06/18/2026 06:09:00,0.2557871587483771
06/18/2026 06:10:00,0.2623292377140608
06/18/2026 06:11:00,0.2690428291174103
06/18/2026 06:12:00,0.2938547415942943
06/18/2026 06:13:00,0.2989929642264839
06/18/2026 06:14:00,0.3042895954751131
06/18/2026 06:15:00,0.3041489906433791
06/18/2026 06:16:00,0.33739973371902116
06/18/2026 06:17:00,0.363385259267728
06/18/2026 06:18:00,0.3821757651543593
06/18/2026 06:19:00,0.3912599187279151
06/18/2026 06:20:00,0.40007620849210673
06/18/2026 06:21:00,0.4036997624621429
06/18/2026 06:22:00,0.4067563074778616
06/18/2026 06:23:00,0.4107418392680513
06/18/2026 06:24:00,0.4103718941168413
06/18/2026 06:25:00,0.40452596876936414
06/18/2026 06:26:00,0.4051484210441638
06/18/2026 06:27:00,0.4059095287135066
06/18/2026 06:28:00,0.40586556142349706
06/18/2026 06:29:00,0.4009484141300864
06/18/2026 06:30:00,0.3969393295982071
06/18/2026 06:31:00,0.3957463177450352
06/18/2026 06:32:00,0.39650373013622636
06/18/2026 06:33:00,0.39807830683001033
06/18/2026 06:34:00,0.3979038432692307
06/18/2026 06:35:00,0.4020914208500402
06/18/2026 06:36:00,0.4001174452155344
06/18/2026 06:37:00,0.3975913822994108
06/18/2026 06:38:00,0.4009025477676428
06/18/2026 06:39:00,0.40107188879974326
06/18/2026 06:40:00,0.39973802683706067
06/18/2026 06:41:00,0.40237160964666296
06/18/2026 06:42:00,0.39917780135891295
06/18/2026 06:43:00,0.4008995189635
06/18/2026 06:44:00,0.399852820668693
06/18/2026 06:45:00,0.3981690789350771
06/18/2026 06:46:00,0.39937230056044837
06/18/2026 06:47:00,0.39793578975879573
06/18/2026 06:48:00,0.4007503625140291
06/18/2026 06:49:00,0.40086441837463926
06/18/2026 06:50:00,0.39936690295763394
06/18/2026 06:51:00,0.39992962782886854
06/18/2026 06:52:00,0.4029410794670092
06/18/2026 06:53:00,0.40105227153151085
06/18/2026 06:54:00,0.40035926062550126
06/18/2026 06:55:00,0.3992627583941021
06/18/2026 06:56:00,0.4013133668615359
06/18/2026 06:57:00,0.4038602164155178
06/18/2026 06:58:00,0.40246980884587696
06/18/2026 06:59:00,0.40460329812469953
06/18/2026 07:00:00,0.40354237975021706
06/18/2026 07:01:00,0.4019459461461462
06/18/2026 07:02:00,0.4017759195383876
06/18/2026 07:03:00,0.3975156025292141
06/18/2026 07:04:00,0.39907380543495735
06/18/2026 07:05:00,0.39611535255866553
06/18/2026 07:06:00,0.39390422413475124
06/18/2026 07:07:00,0.3940121297478455
06/18/2026 07:08:00,0.39813804077046555
06/18/2026 07:09:00,0.3978932114010437
06/18/2026 07:10:00,0.39921362151362577
06/18/2026 07:11:00,0.4002245959733697
06/18/2026 07:12:00,0.39818145016998874
06/18/2026 07:13:00,0.40030458391778556
06/18/2026 07:14:00,0.3982088231892971
06/18/2026 07:15:00,0.4041925212756068
06/18/2026 07:16:00,0.3993599976
06/18/2026 07:17:00,0.397237411117314
06/18/2026 07:18:00,0.39869197061513834
06/18/2026 07:19:00,0.39914782165424434
06/18/2026 07:20:00,0.39999999903591227
06/18/2026 07:21:00,0.3993403279160997
06/18/2026 07:22:00,0.39948201582733817
06/18/2026 07:23:00,0.40025005866794894
06/18/2026 07:24:00,0.3972064422504163
06/18/2026 07:25:00,0.3998629434070013
06/18/2026 07:26:00,0.40061361585170974
06/18/2026 07:27:00,0.40094050287907856
06/18/2026 07:28:00,0.39909294075375285
06/18/2026 07:29:00,0.40031287556868067
06/18/2026 07:30:00,0.40473173367271753
06/18/2026 07:31:00,0.4049927816460773
06/18/2026 07:32:00,0.4032184277373431
06/18/2026 07:33:00,0.40556047100575876
06/18/2026 07:34:00,0.40337558495106696
06/18/2026 07:35:00,0.40157222862757935
06/18/2026 07:36:00,0.3997234992716158
06/18/2026 07:37:00,0.3992626710746009
06/18/2026 07:38:00,0.39680769022435886
06/18/2026 07:39:00,0.3953156353573434
06/18/2026 07:40:00,0.39709791043338694
06/18/2026 07:41:00,0.3994160601588192
06/18/2026 07:42:00,0.3996894010308587
06/18/2026 07:43:00,0.40095842807751053
06/18/2026 07:44:00,0.3987051491784109
06/18/2026 07:45:00,0.40055081726775965
06/18/2026 07:46:00,0.40555071609183785
06/18/2026 07:47:00,0.4013206843999295
06/18/2026 07:48:00,0.40042728900164676
06/18/2026 07:49:00,0.4017080244924267
06/18/2026 07:50:00,0.40049529323791905
06/18/2026 07:51:00,0.6771486779814438
06/18/2026 07:52:00,-32.362597168831165
06/18/2026 07:53:00,-199.38239752
06/18/2026 07:54:00,-227.48727145454546
06/18/2026 07:55:00,-199.70399979999996
06/18/2026 07:56:00,-199.15199952000003
06/18/2026 07:57:00,-207.24000041666667
06/18/2026 07:58:00,-237.60000180952383
06/18/2026 07:59:00,-217.18956721739133
06/18/2026 08:00:00,1.040816761723482
06/18/2026 08:01:00,0.34957432135380323
06/18/2026 08:02:00,0.355051725355439
06/18/2026 08:03:00,0.37881488918511075
06/18/2026 08:04:00,0.3951947411231034
06/18/2026 08:05:00,0.40142505320079525
06/18/2026 08:06:00,0.40469185047933615
06/18/2026 08:07:00,0.3898231442755197
06/18/2026 08:08:00,0.38024262043183027
06/18/2026 08:09:00,0.3752204859827246
06/18/2026 08:10:00,0.3729617309430552
06/18/2026 08:11:00,0.37127789181879656
06/18/2026 08:12:00,0.37373081893906174
06/18/2026 08:13:00,0.37455208073768304
06/18/2026 08:14:00,0.3713156681634485
06/18/2026 08:15:00,0.372943457705505
06/18/2026 08:16:00,0.37240266004035566
06/18/2026 08:17:00,0.372157150891332
06/18/2026 08:18:00,0.3705441613143026
06/18/2026 08:19:00,0.373809912659837
06/18/2026 08:20:00,0.37365591412783755
06/18/2026 08:21:00,0.3747519031440918
06/18/2026 08:22:00,0.37413703526093084
06/18/2026 08:23:00,0.3736873034999868
06/18/2026 08:24:00,0.3715304479795014
06/18/2026 08:25:00,0.36916772774607126
06/18/2026 08:26:00,0.36819802168316823
06/18/2026 08:27:00,0.3685191229349606
06/18/2026 08:28:00,0.36740346190264833
06/18/2026 08:29:00,0.3716457217223172
06/18/2026 08:30:00,0.3724322759749925
06/18/2026 08:31:00,0.3683364052848416
06/18/2026 08:32:00,0.37028351403583937
06/18/2026 08:33:00,0.37030707461800927
06/18/2026 08:34:00,0.37081682558053264
06/18/2026 08:35:00,0.3738243139751643
06/18/2026 08:36:00,0.3742966144641387
06/18/2026 08:37:00,0.3741183932375854
06/18/2026 08:38:00,0.3759087821745286
06/18/2026 08:39:00,0.3754384902804571
06/18/2026 08:40:00,0.3699491397757216
06/18/2026 08:41:00,0.3689111474878444
06/18/2026 08:42:00,0.3673599989629629
06/18/2026 08:43:00,0.36734511640310075
06/18/2026 08:44:00,0.3660459434428254
06/18/2026 08:45:00,0.3712709634737234
06/18/2026 08:46:00,0.3682740861099215
06/18/2026 08:47:00,0.3691351612044093
06/18/2026 08:48:00,0.36910599714831605
06/18/2026 08:49:00,0.3708341159121496
06/18/2026 08:50:00,0.3706196136853449
06/18/2026 08:51:00,0.36898538251366125
06/18/2026 08:52:00,0.3781380062979189
06/18/2026 08:53:00,0.3863373957400834
06/18/2026 08:54:00,0.3900605250894891
06/18/2026 08:55:00,0.39215500378071827
06/18/2026 08:56:00,0.3957151871835443
06/18/2026 08:57:00,0.39549857708135483
06/18/2026 08:58:00,0.39250608644400786
06/18/2026 08:59:00,0.39669578819168655
06/18/2026 09:00:00,0.4002077283771532
06/18/2026 09:01:00,0.1953094084769709
06/18/2026 09:02:00,0.1898456428401805
06/18/2026 09:03:00,0.2585119410125142
06/18/2026 09:04:00,0.4346044815158342
06/18/2026 09:05:00,0.5567771186332935
06/18/2026 09:06:00,0.5564816100296401
06/18/2026 09:07:00,0.49528359865933297
06/18/2026 09:08:00,0.45652112383679316
06/18/2026 09:09:00,0.44057047056011484
06/18/2026 09:10:00,0.4240307063339732
06/18/2026 09:11:00,0.4128290543833108
06/18/2026 09:12:00,0.4100282005961492
06/18/2026 09:13:00,0.3993107637747947
06/18/2026 09:14:00,0.40157291244683413
06/18/2026 09:15:00,0.39878875398542024
06/18/2026 09:16:00,0.3936546618114406
06/18/2026 09:17:00,0.4033980631067961
06/18/2026 09:18:00,0.4003276339837791
06/18/2026 09:19:00,0.39713829032258063
06/18/2026 09:20:00,0.4016600151636074
06/18/2026 09:21:00,0.3400225209908316
06/18/2026 09:22:00,0.2987387115338501
06/18/2026 09:23:00,0.2743946057959507
06/18/2026 09:24:00,0.25748536145307765
06/18/2026 09:25:00,0.25446828759746004
06/18/2026 09:26:00,0.2459409527786063
06/18/2026 09:27:00,0.24154466775934438
06/18/2026 09:28:00,0.24116849211142613
06/18/2026 09:29:00,0.24038477338677355
06/18/2026 09:30:00,0.23834582119668368
06/18/2026 09:31:00,0.24130821210420847
06/18/2026 09:32:00,0.24485535221525387
06/18/2026 09:33:00,0.2398318997398439
06/18/2026 09:34:00,0.2424113276842997
06/18/2026 09:35:00,0.23858191775790483
06/18/2026 09:36:00,0.23958120859060403
06/18/2026 09:37:00,0.24081960385697065
06/18/2026 09:38:00,0.23866295662554715
06/18/2026 09:39:00,0.24102441750611803
06/18/2026 09:40:00,0.24514369156995486
06/18/2026 09:41:00,0
06/18/2026 09:42:00,0.24322179563213783
06/18/2026 09:43:00,0.24116082547359938
06/18/2026 09:44:00,0.23957648405122856
06/18/2026 09:45:00,0.2387266068675543
06/18/2026 09:46:00,0.24173131551561025
06/18/2026 09:47:00,0.23626883201785856
06/18/2026 09:48:00,0.23729164486801177
06/18/2026 09:49:00,0.23924520947123762
06/18/2026 09:50:00,0.24130561968785583
06/18/2026 09:51:00,0.24100152427574031
06/18/2026 09:52:00,0.23826921874999998
06/18/2026 09:53:00,0.25736774860670497
06/18/2026 09:54:00,0.26277486867364747
06/18/2026 09:55:00,0.265066108231976
06/18/2026 09:56:00,0.26428800755929327
06/18/2026 09:57:00,0.2692069173968396
06/18/2026 09:58:00,0.2746043491834341
06/18/2026 09:59:00,0.2730989314072863
06/18/2026 10:00:00,0.2703221069529865