Timestamp,ODK_PRODUCED (Tons)
06/13/2026 10:00:27,144723
06/13/2026 10:00:56,144729
06/13/2026 10:01:26,144734
06/13/2026 10:01:55,144739
06/13/2026 10:02:25,144744
06/13/2026 10:02:54,144749
06/13/2026 10:03:24,144754
06/13/2026 10:03:54,144759
06/13/2026 10:04:24,144764
06/13/2026 10:04:53,144768
06/13/2026 10:05:23,144773
06/13/2026 10:05:53,144777
06/13/2026 10:06:23,144781
06/13/2026 10:06:53,144785
06/13/2026 10:07:23,144789
06/13/2026 10:07:53,144793
06/13/2026 10:08:23,144796
06/13/2026 10:08:52,144800
06/13/2026 10:09:22,144803
06/13/2026 10:09:52,144807
06/13/2026 10:10:23,144811
06/13/2026 10:10:53,144814
06/13/2026 10:11:23,144818
06/13/2026 10:11:52,144821
06/13/2026 10:12:23,144825
06/13/2026 10:12:52,144829
06/13/2026 10:13:22,144833
06/13/2026 10:13:52,144837
06/13/2026 10:14:22,144842
06/13/2026 10:14:52,144846
06/13/2026 10:15:22,144851
06/13/2026 10:15:51,144855
06/13/2026 10:16:21,144860
06/13/2026 10:16:51,144865
06/13/2026 10:17:20,144869
06/13/2026 10:17:50,144874
06/13/2026 10:18:21,144879
06/13/2026 10:18:51,144884
06/13/2026 10:19:21,144889
06/13/2026 10:19:51,144894
06/13/2026 10:20:22,144899
06/13/2026 10:20:51,144905
06/13/2026 10:21:21,144910
06/13/2026 10:21:51,144915
06/13/2026 10:22:21,144920
06/13/2026 10:22:51,144925
06/13/2026 10:23:21,144931
06/13/2026 10:23:51,144936
06/13/2026 10:24:21,144941
06/13/2026 10:24:51,144947
06/13/2026 10:25:21,144952
06/13/2026 10:25:51,144957
06/13/2026 10:26:21,144963
06/13/2026 10:26:52,144968
06/13/2026 10:27:22,144974
06/13/2026 10:27:51,144979
06/13/2026 10:28:22,144984
06/13/2026 10:28:52,144990
06/13/2026 10:29:21,144995
06/13/2026 10:29:51,145000
06/13/2026 10:30:21,145006
06/13/2026 10:30:51,145011
06/13/2026 10:31:22,145016
06/13/2026 10:31:52,145021
06/13/2026 10:32:22,145025
06/13/2026 10:32:52,145030
06/13/2026 10:33:22,145035
06/13/2026 10:33:53,145039
06/13/2026 10:34:24,145044
06/13/2026 10:34:54,145048
06/13/2026 10:35:25,145052
06/13/2026 10:35:56,145057
06/13/2026 10:36:26,145061
06/13/2026 10:36:56,145065
06/13/2026 10:37:26,145069
06/13/2026 10:37:57,145072
06/13/2026 10:38:26,145076
06/13/2026 10:38:57,145080
06/13/2026 10:39:27,145084
06/13/2026 10:39:58,145088
06/13/2026 10:40:28,145092
06/13/2026 10:40:59,145095
06/13/2026 10:41:28,145099
06/13/2026 10:41:59,145103
06/13/2026 10:42:29,145107
06/13/2026 10:42:59,145112
06/13/2026 10:43:29,145116
06/13/2026 10:43:58,145120
06/13/2026 10:44:28,145125
06/13/2026 10:44:58,145129
06/13/2026 10:45:28,145134
06/13/2026 10:45:58,145138
06/13/2026 10:46:28,145143
06/13/2026 10:46:58,145148
06/13/2026 10:47:28,145153
06/13/2026 10:47:58,145158
06/13/2026 10:48:27,145162
06/13/2026 10:48:57,145167
06/13/2026 10:49:27,145172
06/13/2026 10:49:56,145177
06/13/2026 10:50:26,145182
06/13/2026 10:50:56,145187
06/13/2026 10:51:26,145193
06/13/2026 10:51:57,145198
06/13/2026 10:52:26,145203
06/13/2026 10:52:55,145208
06/13/2026 10:53:25,145214
06/13/2026 10:53:55,145219
06/13/2026 10:54:26,145224
06/13/2026 10:54:56,145230
06/13/2026 10:55:25,145235
06/13/2026 10:55:54,145241
06/13/2026 10:56:24,145246
06/13/2026 10:56:54,145251
06/13/2026 10:57:25,145257
06/13/2026 10:57:55,145262
06/13/2026 10:58:26,145268
06/13/2026 10:58:55,145273
06/13/2026 10:59:24,145278
06/13/2026 10:59:54,145284
06/13/2026 11:00:23,145289
06/13/2026 11:00:53,145294
06/13/2026 11:01:23,145299
06/13/2026 11:01:53,145304
06/13/2026 11:02:23,145309
06/13/2026 11:02:53,145313
06/13/2026 11:03:22,145318
06/13/2026 11:03:51,145322
06/13/2026 11:04:22,145327
06/13/2026 11:04:52,145331
06/13/2026 11:05:21,145336
06/13/2026 11:05:51,145340
06/13/2026 11:06:21,145344
06/13/2026 11:06:52,145348
06/13/2026 11:07:21,145352
06/13/2026 11:07:51,145356
06/13/2026 11:08:21,145360
06/13/2026 11:08:51,145364
06/13/2026 11:09:21,145368
06/13/2026 11:09:50,145371
06/13/2026 11:10:20,145375
06/13/2026 11:10:50,145379
06/13/2026 11:11:20,145383
06/13/2026 11:11:49,145387
06/13/2026 11:12:18,145390
06/13/2026 11:12:48,145394
06/13/2026 11:13:18,145398
06/13/2026 11:13:47,145402
06/13/2026 11:14:17,145406
06/13/2026 11:14:47,145410
06/13/2026 11:15:16,145414
06/13/2026 11:15:46,145419
06/13/2026 11:16:16,145423
06/13/2026 11:16:45,145427
06/13/2026 11:17:15,145432
06/13/2026 11:17:45,145436
06/13/2026 11:18:15,145441
06/13/2026 11:18:43,145445
06/13/2026 11:19:13,145450
06/13/2026 11:19:43,145455
06/13/2026 11:20:13,145459
06/13/2026 11:20:42,145464
06/13/2026 11:21:12,145469
06/13/2026 11:21:41,145474
06/13/2026 11:22:12,145479
06/13/2026 11:22:41,145485
06/13/2026 11:23:11,145490
06/13/2026 11:23:40,145495
06/13/2026 11:24:09,145500
06/13/2026 11:24:39,145505
06/13/2026 11:25:09,145510
06/13/2026 11:25:39,145515
06/13/2026 11:26:08,145520
06/13/2026 11:26:37,145525
06/13/2026 11:27:07,145531
06/13/2026 11:27:37,145536
06/13/2026 11:28:06,145541
06/13/2026 11:28:36,145547
06/13/2026 11:29:06,145552
06/13/2026 11:29:36,145557
06/13/2026 11:30:05,145563
06/13/2026 11:30:35,145568
06/13/2026 11:31:04,145573
06/13/2026 11:31:34,145579
06/13/2026 11:32:05,145584
06/13/2026 11:32:34,145589
06/13/2026 11:33:03,145594
06/13/2026 11:33:32,145599
06/13/2026 11:34:02,145604
06/13/2026 11:34:32,145609
06/13/2026 11:35:01,145613
06/13/2026 11:35:30,145622
06/13/2026 11:36:00,145626
06/13/2026 11:36:30,145630
06/13/2026 11:36:59,145634
06/13/2026 11:37:29,145638
06/13/2026 11:37:58,145642
06/13/2026 11:38:28,145645
06/13/2026 11:38:58,145649
06/13/2026 11:39:27,145652
06/13/2026 11:39:57,145656
06/13/2026 11:40:27,145660
06/13/2026 11:40:56,145663
06/13/2026 11:41:25,145667
06/13/2026 11:41:54,145670
06/13/2026 11:42:24,145674
06/13/2026 11:42:54,145678
06/13/2026 11:43:23,145681
06/13/2026 11:43:54,145685
06/13/2026 11:44:23,145689
06/13/2026 11:44:54,145693
06/13/2026 11:45:23,145697
06/13/2026 11:45:53,145701
06/13/2026 11:46:24,145706
06/13/2026 11:46:53,145710
06/13/2026 11:47:23,145715
06/13/2026 11:47:52,145719
06/13/2026 11:48:22,145724
06/13/2026 11:48:52,145729
06/13/2026 11:49:22,145734
06/13/2026 11:49:51,145739
06/13/2026 11:50:21,145744
06/13/2026 11:50:51,145749
06/13/2026 11:51:21,145754
06/13/2026 11:51:51,145760
06/13/2026 11:52:21,145765
06/13/2026 11:52:50,145770
06/13/2026 11:53:20,145775
06/13/2026 11:53:49,145781
06/13/2026 11:54:19,145786
06/13/2026 11:54:49,145791
06/13/2026 11:55:19,145797
06/13/2026 11:55:48,145802
06/13/2026 11:56:17,145807
06/13/2026 11:56:47,145813
06/13/2026 11:57:17,145818
06/13/2026 11:57:46,145823
06/13/2026 11:58:16,145829
06/13/2026 11:58:46,145834
06/13/2026 11:59:15,145839
06/13/2026 11:59:45,145845
06/13/2026 12:00:15,145850
06/13/2026 12:00:45,145855
06/13/2026 12:01:14,145860
06/13/2026 12:01:43,145865
06/13/2026 12:02:12,145870
06/13/2026 12:02:42,145875
06/13/2026 12:03:12,145879
06/13/2026 12:03:41,145884
06/13/2026 12:04:11,145888
06/13/2026 12:04:40,145892
06/13/2026 12:05:10,145897
06/13/2026 12:05:39,145901
06/13/2026 12:06:09,145905
06/13/2026 12:06:38,145909
06/13/2026 12:07:08,145913
06/13/2026 12:07:37,145916
06/13/2026 12:08:06,145920
06/13/2026 12:08:36,145924
06/13/2026 12:09:06,145928
06/13/2026 12:09:35,145931
06/13/2026 12:10:05,145935
06/13/2026 12:10:34,145939
06/13/2026 12:11:04,145943
06/13/2026 12:11:33,145946
06/13/2026 12:12:03,145950
06/13/2026 12:12:32,145954
06/13/2026 12:13:01,145958
06/13/2026 12:13:30,145962
06/13/2026 12:13:59,145966
06/13/2026 12:14:30,145970
06/13/2026 12:15:00,145974
06/13/2026 12:15:30,145978
06/13/2026 12:16:00,145983
06/13/2026 12:16:30,145987
06/13/2026 12:17:00,145992
06/13/2026 12:17:29,145997
06/13/2026 12:17:58,146002
06/13/2026 12:18:27,146006
06/13/2026 12:18:57,146011
06/13/2026 12:19:27,146016
06/13/2026 12:19:57,146021
06/13/2026 12:20:26,146026
06/13/2026 12:20:55,146031
06/13/2026 12:21:24,146036
06/13/2026 12:21:54,146041
06/13/2026 12:22:23,146046
06/13/2026 12:22:53,146051
06/13/2026 12:23:23,146056
06/13/2026 12:23:52,146061
06/13/2026 12:24:21,146066
06/13/2026 12:24:51,146071
06/13/2026 12:25:21,146076
06/13/2026 12:25:50,146081
06/13/2026 12:26:19,146086
06/13/2026 12:26:49,146091
06/13/2026 12:27:19,146096
06/13/2026 12:27:48,146101
06/13/2026 12:28:17,146106
06/13/2026 12:28:46,146111
06/13/2026 12:29:16,146116
06/13/2026 12:29:45,146121
06/13/2026 12:30:14,146126
06/13/2026 12:30:44,146131
06/13/2026 12:31:13,146136
06/13/2026 12:31:43,146141
06/13/2026 12:32:12,146146
06/13/2026 12:32:41,146150
06/13/2026 12:33:11,146155
06/13/2026 12:33:40,146159
06/13/2026 12:34:10,146164
06/13/2026 12:34:39,146168
06/13/2026 12:35:09,146172
06/13/2026 12:35:38,146176
06/13/2026 12:36:07,146180
06/13/2026 12:36:38,146184
06/13/2026 12:37:07,146188
06/13/2026 12:37:36,146192
06/13/2026 12:38:05,146196
06/13/2026 12:38:35,146200
06/13/2026 12:39:05,146203
06/13/2026 12:39:34,146207
06/13/2026 12:40:03,146211
06/13/2026 12:40:32,146214
06/13/2026 12:41:01,146218
06/13/2026 12:41:30,146222
06/13/2026 12:42:00,146225
06/13/2026 12:42:30,146229
06/13/2026 12:42:59,146233
06/13/2026 12:43:30,146237
06/13/2026 12:43:59,146241
06/13/2026 12:44:29,146245
06/13/2026 12:44:59,146250
06/13/2026 12:45:28,146254
06/13/2026 12:45:58,146258
06/13/2026 12:46:27,146263
06/13/2026 12:46:57,146267
06/13/2026 12:47:26,146272
06/13/2026 12:47:55,146276
06/13/2026 12:48:24,146281
06/13/2026 12:48:54,146286
06/13/2026 12:49:24,146290
06/13/2026 12:49:53,146295
06/13/2026 12:50:24,146300
06/13/2026 12:50:53,146305
06/13/2026 12:51:23,146310
06/13/2026 12:51:52,146315
06/13/2026 12:52:21,146320
06/13/2026 12:52:51,146325
06/13/2026 12:53:20,146330
06/13/2026 12:53:50,146335
06/13/2026 12:54:19,146339
06/13/2026 12:54:49,146345
06/13/2026 12:55:19,146350
06/13/2026 12:55:49,146354
06/13/2026 12:56:18,146359
06/13/2026 12:56:47,146364
06/13/2026 12:57:15,146369
06/13/2026 12:57:45,146374
06/13/2026 12:58:13,146379
06/13/2026 12:58:42,146384
06/13/2026 12:59:11,146388
06/13/2026 12:59:41,146393
06/13/2026 13:00:09,146398
06/13/2026 13:00:38,146402
06/13/2026 13:01:07,146406
06/13/2026 13:01:37,146411
06/13/2026 13:02:06,146415
06/13/2026 13:02:35,146420
06/13/2026 13:03:03,146424
06/13/2026 13:03:32,146428
06/13/2026 13:04:01,146432
06/13/2026 13:04:30,146436
06/13/2026 13:05:00,146439
06/13/2026 13:05:28,146443
06/13/2026 13:05:57,146447
06/13/2026 13:06:26,146450
06/13/2026 13:06:55,146454
06/13/2026 13:07:24,146458
06/13/2026 13:07:53,146461
06/13/2026 13:08:22,146465
06/13/2026 13:08:51,146469
06/13/2026 13:09:20,146472
06/13/2026 13:09:49,146476
06/13/2026 13:10:18,146479
06/13/2026 13:10:47,146483
06/13/2026 13:11:16,146487
06/13/2026 13:11:46,146491
06/13/2026 13:12:15,146496
06/13/2026 13:12:45,146500
06/13/2026 13:13:14,146504
06/13/2026 13:13:44,146509
06/13/2026 13:14:14,146513
06/13/2026 13:14:44,146517
06/13/2026 13:15:13,146522
06/13/2026 13:15:42,146526
06/13/2026 13:16:11,146531
06/13/2026 13:16:40,146536
06/13/2026 13:17:09,146540
06/13/2026 13:17:38,146545
06/13/2026 13:18:07,146549
06/13/2026 13:18:35,146554
06/13/2026 13:19:05,146559
06/13/2026 13:19:34,146564
06/13/2026 13:20:03,146569
06/13/2026 13:20:31,146574
06/13/2026 13:21:00,146578
06/13/2026 13:21:30,146583
06/13/2026 13:22:00,146588
06/13/2026 13:22:29,146593
06/13/2026 13:22:58,146598
06/13/2026 13:23:27,146603
06/13/2026 13:23:56,146608
06/13/2026 13:24:26,146613
06/13/2026 13:24:55,146618
06/13/2026 13:25:23,146623
06/13/2026 13:25:53,146628
06/13/2026 13:26:21,146633
06/13/2026 13:26:50,146637
06/13/2026 13:27:19,146642
06/13/2026 13:27:48,146647
06/13/2026 13:28:17,146651
06/13/2026 13:28:46,146656
06/13/2026 13:29:15,146660
06/13/2026 13:29:43,146665
06/13/2026 13:30:12,146669
06/13/2026 13:30:40,146673
06/13/2026 13:31:08,146677
06/13/2026 13:31:38,146681
06/13/2026 13:32:07,146685
06/13/2026 13:32:36,146689
06/13/2026 13:33:06,146693
06/13/2026 13:33:35,146696
06/13/2026 13:34:03,146700
06/13/2026 13:34:32,146704
06/13/2026 13:35:00,146707
06/13/2026 13:35:30,146711
06/13/2026 13:35:58,146715
06/13/2026 13:36:27,146718
06/13/2026 13:36:56,146721
06/13/2026 13:37:25,146725
06/13/2026 13:37:53,146728
06/13/2026 13:38:21,146731
06/13/2026 13:38:50,146734
06/13/2026 13:39:19,146738
06/13/2026 13:39:48,146741
06/13/2026 13:40:17,146744
06/13/2026 13:40:46,146748
06/13/2026 13:41:15,146752
06/13/2026 13:41:44,146756
06/13/2026 13:42:13,146760
06/13/2026 13:42:42,146764
06/13/2026 13:43:11,146768
06/13/2026 13:43:41,146772
06/13/2026 13:44:10,146776
06/13/2026 13:44:38,146781
06/13/2026 13:45:07,146785
06/13/2026 13:45:35,146789
06/13/2026 13:46:04,146794
06/13/2026 13:46:32,146798
06/13/2026 13:47:01,146803
06/13/2026 13:47:30,146807
06/13/2026 13:47:59,146812
06/13/2026 13:48:28,146816
06/13/2026 13:48:57,146821
06/13/2026 13:49:26,146826
06/13/2026 13:49:55,146830
06/13/2026 13:50:25,146835
06/13/2026 13:50:53,146840
06/13/2026 13:51:23,146844
06/13/2026 13:51:51,146849
06/13/2026 13:52:20,146853
06/13/2026 13:52:49,146858
06/13/2026 13:53:17,146862
06/13/2026 13:53:47,146867
06/13/2026 13:54:17,146872
06/13/2026 13:54:47,146876
06/13/2026 13:55:17,146881
06/13/2026 13:55:48,146886
06/13/2026 13:56:18,146891
06/13/2026 13:56:48,146895
06/13/2026 13:57:18,146900
06/13/2026 13:57:48,146904
06/13/2026 13:58:19,146909
06/13/2026 13:58:49,146913
06/13/2026 13:59:19,146917
06/13/2026 13:59:49,146921
06/13/2026 14:00:19,146925
06/13/2026 14:00:50,146929
06/13/2026 14:01:20,146933
06/13/2026 14:01:51,146937
06/13/2026 14:02:21,146940
06/13/2026 14:02:50,146944
06/13/2026 14:03:20,146947
06/13/2026 14:03:50,146951
06/13/2026 14:04:19,146955
06/13/2026 14:04:49,146958
06/13/2026 14:05:18,146962
06/13/2026 14:05:48,146965
06/13/2026 14:06:17,146969
06/13/2026 14:06:47,146972
06/13/2026 14:07:18,146976
06/13/2026 14:07:47,146980
06/13/2026 14:08:17,146983
06/13/2026 14:08:46,146987
06/13/2026 14:09:15,146990
06/13/2026 14:09:45,146994
06/13/2026 14:10:15,146997
06/13/2026 14:10:45,147001
06/13/2026 14:11:14,147004
06/13/2026 14:11:44,147008
06/13/2026 14:12:14,147011
06/13/2026 14:12:44,147015
06/13/2026 14:13:14,147018
06/13/2026 14:13:43,147022
06/13/2026 14:14:12,147025
06/13/2026 14:14:42,147029
06/13/2026 14:15:12,147033
06/13/2026 14:15:42,147037
06/13/2026 14:16:11,147041
06/13/2026 14:16:40,147044
06/13/2026 14:17:09,147048
06/13/2026 14:17:38,147052
06/13/2026 14:18:07,147056
06/13/2026 14:18:36,147060
06/13/2026 14:19:06,147064
06/13/2026 14:19:35,147068
06/13/2026 14:20:04,147072
06/13/2026 14:20:33,147076
06/13/2026 14:21:02,147080
06/13/2026 14:21:31,147084
06/13/2026 14:21:59,147088
06/13/2026 14:22:28,147092
06/13/2026 14:22:58,147096
06/13/2026 14:23:26,147100
06/13/2026 14:23:55,147104
06/13/2026 14:24:24,147108
06/13/2026 14:24:52,147112
06/13/2026 14:25:21,147116
06/13/2026 14:25:50,147120
06/13/2026 14:26:19,147124
06/13/2026 14:26:47,147128
06/13/2026 14:27:17,147132
06/13/2026 14:27:45,147136
06/13/2026 14:28:15,147140
06/13/2026 14:28:43,147144
06/13/2026 14:29:12,147147
06/13/2026 14:29:42,147151
06/13/2026 14:30:10,147154
06/13/2026 14:30:39,147157
06/13/2026 14:31:07,147161
06/13/2026 14:31:36,147164
06/13/2026 14:32:04,147167
06/13/2026 14:32:33,147170
06/13/2026 14:33:02,147173
06/13/2026 14:33:31,147176
06/13/2026 14:34:00,147179
06/13/2026 14:34:30,147182
06/13/2026 14:34:59,147185
06/13/2026 14:35:28,147188
06/13/2026 14:35:57,147192
06/13/2026 14:36:25,147195
06/13/2026 14:36:54,147198
06/13/2026 14:37:23,147201
06/13/2026 14:37:52,147204
06/13/2026 14:38:21,147207
06/13/2026 14:38:51,147211
06/13/2026 14:39:21,147214
06/13/2026 14:39:49,147218
06/13/2026 14:40:18,147221
06/13/2026 14:40:47,147225
06/13/2026 14:41:15,147228
06/13/2026 14:41:44,147232
06/13/2026 14:42:13,147236
06/13/2026 14:42:42,147240
06/13/2026 14:43:11,147243
06/13/2026 14:43:40,147247
06/13/2026 14:44:09,147251
06/13/2026 14:44:37,147255
06/13/2026 14:45:06,147258
06/13/2026 14:45:36,147262
06/13/2026 14:46:05,147267
06/13/2026 14:46:33,147271
06/13/2026 14:47:02,147275
06/13/2026 14:47:31,147279
06/13/2026 14:48:00,147283
06/13/2026 14:48:29,147287
06/13/2026 14:48:59,147291
06/13/2026 14:49:28,147296
06/13/2026 14:49:56,147300
06/13/2026 14:50:25,147304
06/13/2026 14:50:54,147308
06/13/2026 14:51:22,147313
06/13/2026 14:51:51,147317
06/13/2026 14:52:20,147321
06/13/2026 14:52:49,147325
06/13/2026 14:53:18,147334
06/13/2026 14:53:47,147338
06/13/2026 14:54:15,147343
06/13/2026 14:54:44,147347
06/13/2026 14:55:12,147351
06/13/2026 14:55:42,147356
06/13/2026 14:56:11,147360
06/13/2026 14:56:39,147365
06/13/2026 14:57:09,147369
06/13/2026 14:57:38,147373
06/13/2026 14:58:07,147378
06/13/2026 14:58:36,147382
06/13/2026 14:59:05,147387
06/13/2026 14:59:34,147391
06/13/2026 15:00:03,147395
06/13/2026 15:00:32,147399
06/13/2026 15:01:00,147403
06/13/2026 15:01:29,147407
06/13/2026 15:01:57,147411
06/13/2026 15:02:26,147415
06/13/2026 15:02:55,147419
06/13/2026 15:03:24,147422
06/13/2026 15:03:53,147426
06/13/2026 15:04:23,147429
06/13/2026 15:04:52,147433
06/13/2026 15:05:20,147436
06/13/2026 15:05:49,147439
06/13/2026 15:06:18,147442
06/13/2026 15:06:47,147445
06/13/2026 15:07:17,147449
06/13/2026 15:07:46,147452
06/13/2026 15:08:14,147455
06/13/2026 15:08:43,147458
06/13/2026 15:09:12,147461
06/13/2026 15:09:42,147465
06/13/2026 15:10:12,147468
06/13/2026 15:10:42,147471
06/13/2026 15:11:11,147475
06/13/2026 15:11:40,147478
06/13/2026 15:12:10,147482
06/13/2026 15:12:40,147485
06/13/2026 15:13:10,147489
06/13/2026 15:13:40,147493
06/13/2026 15:14:10,147497
06/13/2026 15:14:40,147501
06/13/2026 15:15:10,147505
06/13/2026 15:15:40,147509
06/13/2026 15:16:10,147514
06/13/2026 15:16:40,147518
06/13/2026 15:17:10,147522
06/13/2026 15:17:39,147527
06/13/2026 15:18:09,147531
06/13/2026 15:18:39,147535
06/13/2026 15:19:10,147540
06/13/2026 15:19:40,147544
06/13/2026 15:20:10,147549
06/13/2026 15:20:40,147553
06/13/2026 15:21:09,147557
06/13/2026 15:21:39,147562
06/13/2026 15:22:09,147566
06/13/2026 15:22:38,147571
06/13/2026 15:23:08,147575
06/13/2026 15:23:37,147579
06/13/2026 15:24:07,147584
06/13/2026 15:24:37,147588
06/13/2026 15:25:07,147593
06/13/2026 15:25:37,147597
06/13/2026 15:26:07,147602
06/13/2026 15:26:37,147606
06/13/2026 15:27:07,147611
06/13/2026 15:27:36,147615
06/13/2026 15:28:07,147620
06/13/2026 15:28:37,147624
06/13/2026 15:29:07,147629
06/13/2026 15:29:38,147633
06/13/2026 15:30:08,147637
06/13/2026 15:30:39,147642
06/13/2026 15:31:08,147645
06/13/2026 15:31:39,147649
06/13/2026 15:32:09,147653
06/13/2026 15:32:38,147657
06/13/2026 15:33:08,147660
06/13/2026 15:33:38,147664
06/13/2026 15:34:08,147667
06/13/2026 15:34:38,147670
06/13/2026 15:35:08,147673
06/13/2026 15:35:39,147677
06/13/2026 15:36:10,147680
06/13/2026 15:36:39,147683
06/13/2026 15:37:09,147687
06/13/2026 15:37:39,147690
06/13/2026 15:38:08,147693
06/13/2026 15:38:38,147696
06/13/2026 15:39:08,147700
06/13/2026 15:39:38,147703
06/13/2026 15:40:09,147706
06/13/2026 15:40:39,147710
06/13/2026 15:41:08,147713
06/13/2026 15:41:37,147717
06/13/2026 15:42:07,147720
06/13/2026 15:42:37,147724
06/13/2026 15:43:07,147728
06/13/2026 15:43:36,147732
06/13/2026 15:44:07,147736
06/13/2026 15:44:36,147740
06/13/2026 15:45:06,147744
06/13/2026 15:45:36,147748
06/13/2026 15:46:07,147752
06/13/2026 15:46:37,147756
06/13/2026 15:47:06,147761
06/13/2026 15:47:35,147765
06/13/2026 15:48:04,147769
06/13/2026 15:48:34,147773
06/13/2026 15:49:04,147778
06/13/2026 15:49:34,147782
06/13/2026 15:50:04,147787
06/13/2026 15:50:35,147791
06/13/2026 15:51:04,147796
06/13/2026 15:51:34,147800
06/13/2026 15:52:04,147805
06/13/2026 15:52:34,147810
06/13/2026 15:53:02,147814
06/13/2026 15:53:30,147818
06/13/2026 15:53:59,147823
06/13/2026 15:54:29,147827
06/13/2026 15:54:59,147832
06/13/2026 15:55:28,147837
06/13/2026 15:55:58,147841
06/13/2026 15:56:27,147846
06/13/2026 15:56:56,147850
06/13/2026 15:57:26,147855
06/13/2026 15:57:55,147859
06/13/2026 15:58:25,147864
06/13/2026 15:58:54,147869
06/13/2026 15:59:23,147873
06/13/2026 15:59:53,147878
06/13/2026 16:00:23,147882
06/13/2026 16:00:53,147887
06/13/2026 16:01:22,147891
06/13/2026 16:01:51,147895
06/13/2026 16:02:19,147899
06/13/2026 16:02:48,147903
06/13/2026 16:03:17,147906
06/13/2026 16:03:48,147910
06/13/2026 16:04:16,147913
06/13/2026 16:04:45,147916
06/13/2026 16:05:15,147920
06/13/2026 16:05:43,147923
06/13/2026 16:06:12,147926
06/13/2026 16:06:41,147929
06/13/2026 16:07:10,147932
06/13/2026 16:07:39,147935
06/13/2026 16:08:09,147938
06/13/2026 16:08:38,147941
06/13/2026 16:09:05,147944
06/13/2026 16:09:34,147948
06/13/2026 16:10:02,147951
06/13/2026 16:10:31,147954
06/13/2026 16:11:02,147957
06/13/2026 16:11:32,147960
06/13/2026 16:12:00,147964
06/13/2026 16:12:29,147967
06/13/2026 16:12:58,147971
06/13/2026 16:13:27,147975
06/13/2026 16:13:56,147978
06/13/2026 16:14:25,147982
06/13/2026 16:14:54,147986
06/13/2026 16:15:24,147990
06/13/2026 16:15:53,147994
06/13/2026 16:16:23,147998
06/13/2026 16:16:52,148003
06/13/2026 16:17:22,148007
06/13/2026 16:17:52,148011
06/13/2026 16:18:20,148015
06/13/2026 16:18:48,148019
06/13/2026 16:19:16,148024
06/13/2026 16:19:45,148028
06/13/2026 16:20:14,148032
06/13/2026 16:20:43,148036
06/13/2026 16:21:12,148041
06/13/2026 16:21:42,148045
06/13/2026 16:22:10,148049
06/13/2026 16:22:40,148054
06/13/2026 16:23:08,148058
06/13/2026 16:23:36,148062
06/13/2026 16:24:04,148067
06/13/2026 16:24:33,148071
06/13/2026 16:25:01,148075
06/13/2026 16:25:31,148080
06/13/2026 16:26:00,148084
06/13/2026 16:26:29,148089
06/13/2026 16:27:00,148093
06/13/2026 16:27:29,148098
06/13/2026 16:27:59,148103
06/13/2026 16:28:27,148107
06/13/2026 16:28:56,148112
06/13/2026 16:29:24,148116
06/13/2026 16:29:53,148121
06/13/2026 16:30:22,148125
06/13/2026 16:30:50,148130
06/13/2026 16:31:18,148134
06/13/2026 16:31:46,148139
06/13/2026 16:32:16,148143
06/13/2026 16:32:45,148148
06/13/2026 16:33:15,148152
06/13/2026 16:33:44,148156
06/13/2026 16:34:12,148160
06/13/2026 16:34:41,148164
06/13/2026 16:35:10,148168
06/13/2026 16:35:40,148172
06/13/2026 16:36:10,148176
06/13/2026 16:36:38,148180
06/13/2026 16:37:07,148183
06/13/2026 16:37:36,148186
06/13/2026 16:38:04,148189
06/13/2026 16:38:33,148193
06/13/2026 16:39:04,148196
06/13/2026 16:39:32,148199
06/13/2026 16:40:01,148202
06/13/2026 16:40:29,148205
06/13/2026 16:40:58,148209
06/13/2026 16:41:26,148212
06/13/2026 16:41:55,148215
06/13/2026 16:42:24,148218
06/13/2026 16:42:54,148222
06/13/2026 16:43:24,148225
06/13/2026 16:43:54,148229
06/13/2026 16:44:23,148233
06/13/2026 16:44:51,148237
06/13/2026 16:45:21,148241
06/13/2026 16:45:50,148245
06/13/2026 16:46:19,148249
06/13/2026 16:46:47,148253
06/13/2026 16:47:16,148257
06/13/2026 16:47:45,148261
06/13/2026 16:48:14,148266
06/13/2026 16:48:43,148270
06/13/2026 16:49:12,148274
06/13/2026 16:49:41,148279
06/13/2026 16:50:10,148283
06/13/2026 16:50:38,148287
06/13/2026 16:51:07,148292
06/13/2026 16:51:35,148296
06/13/2026 16:52:03,148300
06/13/2026 16:52:33,148305
06/13/2026 16:53:03,148309
06/13/2026 16:53:32,148314
06/13/2026 16:54:01,148319
06/13/2026 16:54:30,148323
06/13/2026 16:55:00,148328
06/13/2026 16:55:30,148332
06/13/2026 16:55:59,148337
06/13/2026 16:56:28,148342
06/13/2026 16:56:59,148347
06/13/2026 16:57:29,148352
06/13/2026 16:58:00,148356
06/13/2026 16:58:30,148361
06/13/2026 16:58:59,148366
06/13/2026 16:59:28,148371
06/13/2026 16:59:58,148375
06/13/2026 17:00:26,148380
06/13/2026 17:00:55,148385
06/13/2026 17:01:23,148389
06/13/2026 17:01:52,148394
06/13/2026 17:02:21,148399
06/13/2026 17:02:50,148403
06/13/2026 17:03:18,148408
06/13/2026 17:03:46,148412
06/13/2026 17:04:15,148416
06/13/2026 17:04:42,148421
06/13/2026 17:05:11,148425
06/13/2026 17:05:40,148429
06/13/2026 17:06:09,148433
06/13/2026 17:06:37,148437
06/13/2026 17:07:05,148441
06/13/2026 17:07:32,148444
06/13/2026 17:08:00,148448
06/13/2026 17:08:26,148451
06/13/2026 17:08:55,148454
06/13/2026 17:09:22,148457
06/13/2026 17:09:49,148460
06/13/2026 17:10:19,148464
06/13/2026 17:10:47,148467
06/13/2026 17:11:16,148470
06/13/2026 17:11:44,148473
06/13/2026 17:12:12,148476
06/13/2026 17:12:41,148480
06/13/2026 17:13:09,148483
06/13/2026 17:13:37,148486
06/13/2026 17:14:05,148489
06/13/2026 17:14:34,148492
06/13/2026 17:15:04,148496
06/13/2026 17:15:33,148499
06/13/2026 17:16:01,148503
06/13/2026 17:16:29,148506
06/13/2026 17:16:57,148510
06/13/2026 17:17:25,148514
06/13/2026 17:17:54,148518
06/13/2026 17:18:21,148522
06/13/2026 17:18:48,148525
06/13/2026 17:19:17,148529
06/13/2026 17:19:45,148533
06/13/2026 17:20:13,148537
06/13/2026 17:20:42,148541
06/13/2026 17:21:10,148546
06/13/2026 17:21:37,148550
06/13/2026 17:22:05,148554
06/13/2026 17:22:35,148558
06/13/2026 17:23:04,148562
06/13/2026 17:23:32,148567
06/13/2026 17:24:00,148571
06/13/2026 17:24:28,148575
06/13/2026 17:24:57,148579
06/13/2026 17:25:26,148584
06/13/2026 17:25:54,148588
06/13/2026 17:26:23,148593
06/13/2026 17:26:53,148597
06/13/2026 17:27:21,148602
06/13/2026 17:27:51,148606
06/13/2026 17:28:21,148611
06/13/2026 17:28:48,148616
06/13/2026 17:29:16,148620
06/13/2026 17:29:45,148624
06/13/2026 17:30:13,148629
06/13/2026 17:30:41,148633
06/13/2026 17:31:10,148638
06/13/2026 17:31:39,148642
06/13/2026 17:32:07,148647
06/13/2026 17:32:35,148651
06/13/2026 17:33:05,148656
06/13/2026 17:33:34,148660
06/13/2026 17:34:03,148665
06/13/2026 17:34:31,148669
06/13/2026 17:35:01,148673
06/13/2026 17:35:31,148678
06/13/2026 17:36:00,148682
06/13/2026 17:36:28,148686
06/13/2026 17:36:58,148690
06/13/2026 17:37:27,148694
06/13/2026 17:37:57,148698
06/13/2026 17:38:25,148701
06/13/2026 17:38:54,148705
06/13/2026 17:39:22,148708
06/13/2026 17:39:51,148711
06/13/2026 17:40:21,148715
06/13/2026 17:40:50,148718
06/13/2026 17:41:19,148722
06/13/2026 17:41:49,148725
06/13/2026 17:42:17,148728
06/13/2026 17:42:45,148732
06/13/2026 17:43:14,148735
06/13/2026 17:43:42,148738
06/13/2026 17:44:10,148742
06/13/2026 17:44:40,148745
06/13/2026 17:45:08,148749
06/13/2026 17:45:37,148753
06/13/2026 17:46:07,148757
06/13/2026 17:46:36,148761
06/13/2026 17:47:05,148765
06/13/2026 17:47:35,148769
06/13/2026 17:48:04,148774
06/13/2026 17:48:33,148778
06/13/2026 17:49:02,148782
06/13/2026 17:49:30,148787
06/13/2026 17:49:59,148791
06/13/2026 17:50:27,148796
06/13/2026 17:50:56,148800
06/13/2026 17:51:25,148805
06/13/2026 17:51:56,148809
06/13/2026 17:52:23,148814
06/13/2026 17:52:52,148819
06/13/2026 17:53:20,148824
06/13/2026 17:53:49,148828
06/13/2026 17:54:17,148833
06/13/2026 17:54:46,148838
06/13/2026 17:55:15,148843
06/13/2026 17:55:43,148848
06/13/2026 17:56:11,148853
06/13/2026 17:56:41,148858
06/13/2026 17:57:10,148863
06/13/2026 17:57:39,148868
06/13/2026 17:58:07,148873
06/13/2026 17:58:35,148878
06/13/2026 17:59:06,148883
06/13/2026 17:59:35,148888
06/13/2026 18:00:05,148892
06/13/2026 18:00:34,148897
06/13/2026 18:01:01,148902
06/13/2026 18:01:29,148907
06/13/2026 18:02:00,148912
06/13/2026 18:02:29,148917
06/13/2026 18:02:59,148922
06/13/2026 18:03:27,148928
06/13/2026 18:03:57,148932
06/13/2026 18:04:26,148938
06/13/2026 18:04:54,148942
06/13/2026 18:05:23,148947
06/13/2026 18:05:52,148951
06/13/2026 18:06:22,148956
06/13/2026 18:06:51,148960
06/13/2026 18:07:20,148965
06/13/2026 18:07:50,148969
06/13/2026 18:08:20,148973
06/13/2026 18:08:49,148977
06/13/2026 18:09:20,148981
06/13/2026 18:09:50,148989
06/13/2026 18:10:20,148993
06/13/2026 18:10:49,148996
06/13/2026 18:11:18,148999
06/13/2026 18:11:46,149002
06/13/2026 18:12:14,149006
06/13/2026 18:12:43,149009
06/13/2026 18:13:11,149012
06/13/2026 18:13:40,149015
06/13/2026 18:14:08,149018
06/13/2026 18:14:36,149021
06/13/2026 18:15:06,149024
06/13/2026 18:15:35,149028
06/13/2026 18:16:03,149031
06/13/2026 18:16:32,149034
06/13/2026 18:17:02,149038
06/13/2026 18:17:31,149042
06/13/2026 18:18:00,149045
06/13/2026 18:18:29,149049
06/13/2026 18:18:57,149053
06/13/2026 18:19:25,149057
06/13/2026 18:19:54,149061
06/13/2026 18:20:23,149065
06/13/2026 18:20:53,149069
06/13/2026 18:21:22,149073
06/13/2026 18:21:50,149077
06/13/2026 18:22:18,149081
06/13/2026 18:22:48,149086
06/13/2026 18:23:15,149090
06/13/2026 18:23:43,149094
06/13/2026 18:24:12,149098
06/13/2026 18:24:41,149103
06/13/2026 18:25:10,149107
06/13/2026 18:25:38,149111
06/13/2026 18:26:07,149116
06/13/2026 18:26:35,149120
06/13/2026 18:27:04,149125
06/13/2026 18:27:31,149129
06/13/2026 18:28:00,149133
06/13/2026 18:28:27,149138
06/13/2026 18:28:54,149142
06/13/2026 18:29:22,149146
06/13/2026 18:29:50,149151
06/13/2026 18:30:17,149155
06/13/2026 18:30:45,149160
06/13/2026 18:31:14,149164
06/13/2026 18:31:41,149169
06/13/2026 18:32:10,149173
06/13/2026 18:32:38,149178
06/13/2026 18:33:06,149182
06/13/2026 18:33:33,149187
06/13/2026 18:34:01,149191
06/13/2026 18:34:28,149195
06/13/2026 18:34:54,149199
06/13/2026 18:35:23,149204
06/13/2026 18:35:51,149208
06/13/2026 18:36:19,149213
06/13/2026 18:36:48,149218
06/13/2026 18:37:16,149222
06/13/2026 18:37:44,149226
06/13/2026 18:38:12,149230
06/13/2026 18:38:41,149234
06/13/2026 18:39:10,149239
06/13/2026 18:39:36,149242
06/13/2026 18:40:03,149246
06/13/2026 18:40:30,149249
06/13/2026 18:40:57,149253
06/13/2026 18:41:24,149256
06/13/2026 18:41:52,149259
06/13/2026 18:42:19,149263
06/13/2026 18:42:47,149266
06/13/2026 18:43:16,149269
06/13/2026 18:43:45,149273
06/13/2026 18:44:11,149276
06/13/2026 18:44:39,149279
06/13/2026 18:45:06,149282
06/13/2026 18:45:33,149285
06/13/2026 18:46:01,149288
06/13/2026 18:46:29,149291
06/13/2026 18:46:56,149294
06/13/2026 18:47:24,149297
06/13/2026 18:47:52,149301
06/13/2026 18:48:21,149304
06/13/2026 18:48:48,149307
06/13/2026 18:49:15,149310
06/13/2026 18:49:43,149314
06/13/2026 18:50:11,149317
06/13/2026 18:50:40,149321
06/13/2026 18:51:07,149325
06/13/2026 18:51:35,149329
06/13/2026 18:52:04,149332
06/13/2026 18:52:32,149336
06/13/2026 18:52:59,149340
06/13/2026 18:53:26,149344
06/13/2026 18:53:53,149348
06/13/2026 18:54:21,149352
06/13/2026 18:54:50,149356
06/13/2026 18:55:17,149360
06/13/2026 18:55:45,149364
06/13/2026 18:56:12,149369
06/13/2026 18:56:40,149373
06/13/2026 18:57:09,149377
06/13/2026 18:57:38,149382
06/13/2026 18:58:05,149386
06/13/2026 18:58:34,149390
06/13/2026 18:59:03,149395
06/13/2026 18:59:30,149399
06/13/2026 18:59:57,149404
06/13/2026 19:00:24,149408
06/13/2026 19:00:53,149413
06/13/2026 19:01:20,149417
06/13/2026 19:01:48,149422
06/13/2026 19:02:17,149426
06/13/2026 19:03:29,149436
06/13/2026 19:04:26,149447
06/13/2026 19:05:20,149456
06/13/2026 19:06:34,149467
06/13/2026 19:07:33,149480
06/13/2026 19:08:03,149485
06/13/2026 19:08:33,149490
06/13/2026 19:09:03,149495
06/13/2026 19:09:32,149500
06/13/2026 19:10:01,149505
06/13/2026 19:10:30,149509
06/13/2026 19:10:58,149513
06/13/2026 19:11:27,149518
06/13/2026 19:11:57,149522
06/13/2026 19:12:26,149526
06/13/2026 19:12:56,149530
06/13/2026 19:13:25,149534
06/13/2026 19:13:55,149538
06/13/2026 19:14:24,149542
06/13/2026 19:14:53,149546
06/13/2026 19:15:22,149550
06/13/2026 19:15:51,149554
06/13/2026 19:16:20,149557
06/13/2026 19:16:49,149561
06/13/2026 19:17:18,149565
06/13/2026 19:17:47,149568
06/13/2026 19:18:17,149572
06/13/2026 19:18:46,149576
06/13/2026 19:19:15,149580
06/13/2026 19:19:44,149584
06/13/2026 19:20:13,149588
06/13/2026 19:20:41,149592
06/13/2026 19:21:10,149596
06/13/2026 19:21:38,149600
06/13/2026 19:22:06,149604
06/13/2026 19:22:36,149609
06/13/2026 19:23:05,149613
06/13/2026 19:23:33,149617
06/13/2026 19:24:02,149622
06/13/2026 19:24:31,149627
06/13/2026 19:25:00,149631
06/13/2026 19:25:30,149636
06/13/2026 19:26:01,149641
06/13/2026 19:26:31,149646
06/13/2026 19:26:59,149651
06/13/2026 19:27:29,149656
06/13/2026 19:27:58,149661
06/13/2026 19:28:26,149666
06/13/2026 19:28:57,149671
06/13/2026 19:29:25,149676
06/13/2026 19:29:55,149681
06/13/2026 19:30:25,149686
06/13/2026 19:30:54,149692
06/13/2026 19:31:23,149697
06/13/2026 19:31:51,149702
06/13/2026 19:32:20,149707
06/13/2026 19:32:48,149712
06/13/2026 19:33:17,149717
06/13/2026 19:33:46,149722
06/13/2026 19:34:16,149727
06/13/2026 19:34:44,149733
06/13/2026 19:35:13,149738
06/13/2026 19:35:43,149743
06/13/2026 19:36:12,149749
06/13/2026 19:36:40,149754
06/13/2026 19:37:09,149759
06/13/2026 19:37:37,149765
06/13/2026 19:38:07,149770
06/13/2026 19:38:37,149775
06/13/2026 19:39:07,149781
06/13/2026 19:39:35,149786
06/13/2026 19:40:04,149791
06/13/2026 19:40:35,149797
06/13/2026 19:41:03,149802
06/13/2026 19:41:31,149807
06/13/2026 19:42:00,149812
06/13/2026 19:42:28,149817
06/13/2026 19:42:58,149822
06/13/2026 19:43:28,149827
06/13/2026 19:43:57,149832
06/13/2026 19:44:26,149837
06/13/2026 19:44:55,149841
06/13/2026 19:45:25,149846
06/13/2026 19:45:54,149850
06/13/2026 19:46:23,149855
06/13/2026 19:46:53,149859
06/13/2026 19:47:21,149863
06/13/2026 19:47:50,149867
06/13/2026 19:48:19,149871
06/13/2026 19:48:49,149875
06/13/2026 19:49:20,149880
06/13/2026 19:49:51,149884
06/13/2026 19:50:21,149888
06/13/2026 19:50:52,149892
06/13/2026 19:51:24,149896
06/13/2026 19:51:54,149901
06/13/2026 19:52:25,149905
06/13/2026 19:52:55,149909
06/13/2026 19:53:26,149913
06/13/2026 19:53:57,149918
06/13/2026 19:54:27,149922
06/13/2026 19:54:58,149927
06/13/2026 19:55:29,149931
06/13/2026 19:56:00,149936
06/13/2026 19:56:30,149941
06/13/2026 19:57:01,149945
06/13/2026 19:57:31,149950
06/13/2026 19:58:02,149955
06/13/2026 19:58:33,149960
06/13/2026 19:59:04,149965
06/13/2026 19:59:34,149970
06/13/2026 20:00:05,149975
06/13/2026 20:00:36,149980
06/13/2026 20:01:07,149985
06/13/2026 20:01:37,149991
06/13/2026 20:02:08,149996
06/13/2026 20:02:38,150001
06/13/2026 20:03:09,150006
06/13/2026 20:03:40,150012
06/13/2026 20:04:11,150017
06/13/2026 20:04:42,150022
06/13/2026 20:05:12,150027
06/13/2026 20:05:43,150033
06/13/2026 20:06:13,150038
06/13/2026 20:06:44,150043
06/13/2026 20:07:15,150049
06/13/2026 20:07:45,150054
06/13/2026 20:08:17,150059
06/13/2026 20:08:48,150065
06/13/2026 20:09:18,150070
06/13/2026 20:09:50,150075
06/13/2026 20:10:20,150081
06/13/2026 20:10:51,150086
06/13/2026 20:11:21,150091
06/13/2026 20:11:51,150096
06/13/2026 20:12:21,150101
06/13/2026 20:12:53,150106
06/13/2026 20:13:24,150111
06/13/2026 20:13:55,150115
06/13/2026 20:14:26,150120
06/13/2026 20:14:57,150125
06/13/2026 20:15:28,150129
06/13/2026 20:15:59,150134
06/13/2026 20:16:29,150138
06/13/2026 20:17:00,150143
06/13/2026 20:17:31,150147
06/13/2026 20:18:02,150152
06/13/2026 20:18:33,150157
06/13/2026 20:19:04,150161
06/13/2026 20:19:35,150166
06/13/2026 20:20:05,150170
06/13/2026 20:20:36,150175
06/13/2026 20:21:07,150179
06/13/2026 20:21:38,150184
06/13/2026 20:22:09,150189
06/13/2026 20:22:40,150194
06/13/2026 20:23:10,150198
06/13/2026 20:23:41,150203
06/13/2026 20:24:12,150209
06/13/2026 20:24:42,150214
06/13/2026 20:25:13,150219
06/13/2026 20:25:44,150224
06/13/2026 20:26:15,150230
06/13/2026 20:26:46,150235
06/13/2026 20:27:17,150240
06/13/2026 20:27:49,150246
06/13/2026 20:28:19,150252
06/13/2026 20:28:50,150257
06/13/2026 20:29:21,150263
06/13/2026 20:29:53,150269
06/13/2026 20:30:24,150275
06/13/2026 20:30:55,150280
06/13/2026 20:31:26,150286
06/13/2026 20:31:57,150292
06/13/2026 20:32:28,150298
06/13/2026 20:32:58,150303
06/13/2026 20:33:28,150309
06/13/2026 20:33:59,150314
06/13/2026 20:34:30,150320
06/13/2026 20:35:02,150325
06/13/2026 20:35:32,150331
06/13/2026 20:36:03,150336
06/13/2026 20:36:34,150341
06/13/2026 20:37:05,150346
06/13/2026 20:37:36,150351
06/13/2026 20:38:07,150356
06/13/2026 20:38:37,150361
06/13/2026 20:39:08,150366
06/13/2026 20:39:39,150370
06/13/2026 20:40:09,150375
06/13/2026 20:40:40,150379
06/13/2026 20:41:11,150384
06/13/2026 20:41:42,150388
06/13/2026 20:42:12,150393
06/13/2026 20:42:43,150397
06/13/2026 20:43:13,150401
06/13/2026 20:43:44,150405
06/13/2026 20:44:15,150409
06/13/2026 20:44:46,150414
06/13/2026 20:45:16,150418
06/13/2026 20:45:46,150422
06/13/2026 20:46:17,150426
06/13/2026 20:46:48,150430
06/13/2026 20:47:20,150434
06/13/2026 20:47:51,150439
06/13/2026 20:48:22,150443
06/13/2026 20:48:53,150447
06/13/2026 20:49:23,150452
06/13/2026 20:49:55,150456
06/13/2026 20:50:25,150461
06/13/2026 20:50:56,150466
06/13/2026 20:51:27,150470
06/13/2026 20:51:57,150475
06/13/2026 20:52:29,150480
06/13/2026 20:52:59,150485
06/13/2026 20:53:31,150491
06/13/2026 20:54:02,150496
06/13/2026 20:54:33,150501
06/13/2026 20:55:03,150506
06/13/2026 20:55:34,150512
06/13/2026 20:56:04,150517
06/13/2026 20:56:36,150522
06/13/2026 20:57:06,150528
06/13/2026 20:57:38,150533
06/13/2026 20:58:08,150539
06/13/2026 20:58:39,150544
06/13/2026 20:59:09,150549
06/13/2026 20:59:42,150555
06/13/2026 21:00:13,150560
06/13/2026 21:00:43,150566
06/13/2026 21:01:15,150571
06/13/2026 21:01:45,150577
06/13/2026 21:02:17,150582
06/13/2026 21:02:48,150587
06/13/2026 21:03:18,150593
06/13/2026 21:03:49,150598
06/13/2026 21:04:20,150603
06/13/2026 21:04:51,150608
06/13/2026 21:05:23,150613
06/13/2026 21:05:54,150618
06/13/2026 21:06:24,150623
06/13/2026 21:06:54,150627
06/13/2026 21:07:24,150632
06/13/2026 21:07:55,150636
06/13/2026 21:08:26,150640
06/13/2026 21:08:57,150644
06/13/2026 21:09:28,150648
06/13/2026 21:09:59,150652
06/13/2026 21:10:30,150656
06/13/2026 21:11:01,150659
06/13/2026 21:11:31,150663
06/13/2026 21:12:02,150667
06/13/2026 21:12:33,150670
06/13/2026 21:13:04,150674
06/13/2026 21:13:35,150677
06/13/2026 21:14:05,150681
06/13/2026 21:14:36,150685
06/13/2026 21:15:06,150688
06/13/2026 21:15:37,150692
06/13/2026 21:16:08,150696
06/13/2026 21:16:39,150701
06/13/2026 21:17:09,150705
06/13/2026 21:17:40,150709
06/13/2026 21:18:11,150714
06/13/2026 21:18:43,150718
06/13/2026 21:19:14,150723
06/13/2026 21:19:46,150727
06/13/2026 21:20:18,150732
06/13/2026 21:20:49,150737
06/13/2026 21:21:21,150742
06/13/2026 21:21:52,150747
06/13/2026 21:22:23,150751
06/13/2026 21:22:54,150755
06/13/2026 21:23:25,150760
06/13/2026 21:23:57,150765
06/13/2026 21:24:27,150770
06/13/2026 21:24:58,150775
06/13/2026 21:25:29,150780
06/13/2026 21:26:01,150785
06/13/2026 21:26:32,150790
06/13/2026 21:27:03,150795
06/13/2026 21:27:34,150799
06/13/2026 21:28:05,150804
06/13/2026 21:28:36,150809
06/13/2026 21:29:07,150814
06/13/2026 21:29:38,150819
06/13/2026 21:30:10,150824
06/13/2026 21:30:40,150829
06/13/2026 21:31:11,150833
06/13/2026 21:31:42,150838
06/13/2026 21:32:13,150843
06/13/2026 21:32:44,150848
06/13/2026 21:33:15,150856
06/13/2026 21:33:46,150861
06/13/2026 21:34:17,150865
06/13/2026 21:34:48,150869
06/13/2026 21:35:19,150873
06/13/2026 21:35:51,150876
06/13/2026 21:36:22,150880
06/13/2026 21:36:52,150883
06/13/2026 21:37:23,150887
06/13/2026 21:37:53,150890
06/13/2026 21:38:23,150893
06/13/2026 21:38:54,150897
06/13/2026 21:39:26,150900
06/13/2026 21:39:57,150904
06/13/2026 21:40:28,150907
06/13/2026 21:40:59,150911
06/13/2026 21:41:29,150914
06/13/2026 21:42:00,150918
06/13/2026 21:42:30,150921
06/13/2026 21:43:01,150925
06/13/2026 21:43:31,150929
06/13/2026 21:44:02,150933
06/13/2026 21:44:31,150937
06/13/2026 21:45:01,150941
06/13/2026 21:45:31,150945
06/13/2026 21:46:01,150949
06/13/2026 21:46:31,150953
06/13/2026 21:47:01,150958
06/13/2026 21:47:32,150962
06/13/2026 21:48:02,150967
06/13/2026 21:48:32,150971
06/13/2026 21:49:01,150975
06/13/2026 21:49:31,150980
06/13/2026 21:50:01,150984
06/13/2026 21:50:29,150989
06/13/2026 21:50:59,150993
06/13/2026 21:51:30,150998
06/13/2026 21:52:00,151003
06/13/2026 21:52:30,151008
06/13/2026 21:53:01,151012
06/13/2026 21:53:31,151017
06/13/2026 21:54:01,151022
06/13/2026 21:54:30,151026
06/13/2026 21:55:00,151031
06/13/2026 21:55:29,151036
06/13/2026 21:55:58,151040
06/13/2026 21:56:26,151045
06/13/2026 21:56:56,151049
06/13/2026 21:57:24,151054
06/13/2026 21:57:54,151058
06/13/2026 21:58:23,151063
06/13/2026 21:58:52,151067
06/13/2026 21:59:22,151072
06/13/2026 21:59:51,151076
06/13/2026 22:00:20,151081
06/13/2026 22:00:49,151085
06/13/2026 22:01:18,151089
06/13/2026 22:01:47,151093
06/13/2026 22:02:16,151097
06/13/2026 22:02:45,151101
06/13/2026 22:03:15,151105
06/13/2026 22:03:45,151109
06/13/2026 22:04:14,151112
06/13/2026 22:04:44,151116
06/13/2026 22:05:12,151119
06/13/2026 22:05:42,151123
06/13/2026 22:06:11,151127
06/13/2026 22:06:40,151130
06/13/2026 22:07:09,151134
06/13/2026 22:07:38,151137
06/13/2026 22:08:07,151141
06/13/2026 22:08:36,151144
06/13/2026 22:09:05,151148
06/13/2026 22:09:33,151151
06/13/2026 22:10:03,151154
06/13/2026 22:10:32,151158
06/13/2026 22:11:01,151161
06/13/2026 22:11:30,151165
06/13/2026 22:11:59,151168
06/13/2026 22:12:28,151172
06/13/2026 22:12:58,151175
06/13/2026 22:13:27,151179
06/13/2026 22:13:57,151183
06/13/2026 22:14:27,151186
06/13/2026 22:14:56,151190
06/13/2026 22:15:25,151194
06/13/2026 22:15:53,151198
06/13/2026 22:16:23,151202
06/13/2026 22:16:53,151206
06/13/2026 22:17:23,151210
06/13/2026 22:17:53,151214
06/13/2026 22:18:22,151219
06/13/2026 22:18:51,151223
06/13/2026 22:19:20,151227
06/13/2026 22:19:49,151231
06/13/2026 22:20:18,151235
06/13/2026 22:20:47,151240
06/13/2026 22:21:17,151244
06/13/2026 22:21:46,151248
06/13/2026 22:22:16,151253
06/13/2026 22:22:45,151257
06/13/2026 22:23:14,151262
06/13/2026 22:23:43,151266
06/13/2026 22:24:12,151271
06/13/2026 22:24:42,151275
06/13/2026 22:25:10,151280
06/13/2026 22:25:40,151285
06/13/2026 22:26:08,151289
06/13/2026 22:26:37,151294
06/13/2026 22:27:06,151299
06/13/2026 22:27:34,151303
06/13/2026 22:28:04,151308
06/13/2026 22:28:34,151313
06/13/2026 22:29:04,151318
06/13/2026 22:29:32,151323
06/13/2026 22:30:01,151328
06/13/2026 22:30:30,151333
06/13/2026 22:31:00,151338
06/13/2026 22:31:30,151343
06/13/2026 22:31:59,151348
06/13/2026 22:32:29,151352
06/13/2026 22:32:58,151357
06/13/2026 22:33:27,151362
06/13/2026 22:33:56,151367
06/13/2026 22:34:25,151371
06/13/2026 22:34:53,151375
06/13/2026 22:35:22,151380
06/13/2026 22:35:51,151384
06/13/2026 22:36:20,151388
06/13/2026 22:36:50,151392
06/13/2026 22:37:19,151396
06/13/2026 22:37:50,151400
06/13/2026 22:38:19,151403
06/13/2026 22:38:48,151407
06/13/2026 22:39:17,151410
06/13/2026 22:39:46,151413
06/13/2026 22:40:15,151416
06/13/2026 22:40:44,151419
06/13/2026 22:41:14,151422
06/13/2026 22:41:42,151426
06/13/2026 22:42:12,151429
06/13/2026 22:42:41,151432
06/13/2026 22:43:10,151435
06/13/2026 22:43:39,151438
06/13/2026 22:44:09,151441
06/13/2026 22:44:38,151444
06/13/2026 22:45:07,151448
06/13/2026 22:45:36,151451
06/13/2026 22:46:05,151455
06/13/2026 22:46:34,151459
06/13/2026 22:47:04,151463
06/13/2026 22:47:33,151467
06/13/2026 22:48:03,151471
06/13/2026 22:48:32,151476
06/13/2026 22:49:03,151480
06/13/2026 22:49:33,151484
06/13/2026 22:50:03,151489
06/13/2026 22:50:32,151493
06/13/2026 22:51:01,151498
06/13/2026 22:51:31,151502
06/13/2026 22:52:00,151506
06/13/2026 22:52:29,151511
06/13/2026 22:52:58,151515
06/13/2026 22:53:28,151520
06/13/2026 22:53:56,151524
06/13/2026 22:54:25,151528
06/13/2026 22:54:54,151533
06/13/2026 22:55:24,151537
06/13/2026 22:55:54,151542
06/13/2026 22:56:23,151547
06/13/2026 22:56:52,151551
06/13/2026 22:57:22,151556
06/13/2026 22:57:52,151560
06/13/2026 22:58:21,151565
06/13/2026 22:58:50,151569
06/13/2026 22:59:20,151574
06/13/2026 22:59:50,151579
06/13/2026 23:00:19,151583
06/13/2026 23:00:49,151588
06/13/2026 23:01:18,151593
06/13/2026 23:01:48,151597
06/13/2026 23:02:17,151602
06/13/2026 23:02:46,151607
06/13/2026 23:03:16,151611
06/13/2026 23:03:45,151616
06/13/2026 23:04:14,151621
06/13/2026 23:04:42,151625
06/13/2026 23:05:12,151630
06/13/2026 23:05:42,151635
06/13/2026 23:06:12,151639
06/13/2026 23:06:41,151644
06/13/2026 23:07:09,151648
06/13/2026 23:07:38,151653
06/13/2026 23:08:08,151657
06/13/2026 23:08:36,151662
06/13/2026 23:09:05,151666
06/13/2026 23:09:34,151670
06/13/2026 23:10:04,151675
06/13/2026 23:10:33,151679
06/13/2026 23:11:03,151683
06/13/2026 23:11:32,151687
06/13/2026 23:12:01,151690
06/13/2026 23:12:30,151694
06/13/2026 23:12:59,151698
06/13/2026 23:13:28,151701
06/13/2026 23:13:58,151705
06/13/2026 23:14:27,151708
06/13/2026 23:14:56,151712
06/13/2026 23:15:26,151715
06/13/2026 23:15:56,151719
06/13/2026 23:16:25,151722
06/13/2026 23:16:55,151725
06/13/2026 23:17:24,151729
06/13/2026 23:17:54,151732
06/13/2026 23:18:23,151736
06/13/2026 23:18:53,151740
06/13/2026 23:19:22,151743
06/13/2026 23:19:52,151747
06/13/2026 23:20:21,151751
06/13/2026 23:20:51,151755
06/13/2026 23:21:21,151759
06/13/2026 23:21:50,151763
06/13/2026 23:22:20,151767
06/13/2026 23:22:49,151771
06/13/2026 23:23:18,151775
06/13/2026 23:23:48,151779
06/13/2026 23:24:18,151783
06/13/2026 23:24:48,151787
06/13/2026 23:25:17,151792
06/13/2026 23:25:46,151796
06/13/2026 23:26:15,151800
06/13/2026 23:26:44,151804
06/13/2026 23:27:12,151809
06/13/2026 23:27:41,151813
06/13/2026 23:28:09,151817
06/13/2026 23:28:38,151822
06/13/2026 23:29:08,151826
06/13/2026 23:29:36,151831
06/13/2026 23:30:07,151835
06/13/2026 23:30:36,151840
06/13/2026 23:31:05,151845
06/13/2026 23:31:34,151849
06/13/2026 23:32:02,151854
06/13/2026 23:32:30,151858
06/13/2026 23:33:00,151863
06/13/2026 23:33:29,151868
06/13/2026 23:33:58,151873
06/13/2026 23:34:27,151877
06/13/2026 23:34:55,151882
06/13/2026 23:35:24,151887
06/13/2026 23:35:53,151891
06/13/2026 23:36:23,151896
06/13/2026 23:36:51,151901
06/13/2026 23:37:20,151905
06/13/2026 23:37:49,151910
06/13/2026 23:38:17,151915
06/13/2026 23:38:46,151919
06/13/2026 23:39:16,151924
06/13/2026 23:39:44,151929
06/13/2026 23:40:14,151933
06/13/2026 23:40:43,151938
06/13/2026 23:41:12,151943
06/13/2026 23:41:42,151947
06/13/2026 23:42:10,151952
06/13/2026 23:42:38,151956
06/13/2026 23:43:07,151960
06/13/2026 23:43:36,151964
06/13/2026 23:44:05,151968
06/13/2026 23:44:35,151972
06/13/2026 23:45:03,151975
06/13/2026 23:45:31,151979
06/13/2026 23:46:00,151982
06/13/2026 23:46:29,151986
06/13/2026 23:46:58,151989
06/13/2026 23:47:27,151992
06/13/2026 23:47:55,151995
06/13/2026 23:48:25,151998
06/13/2026 23:48:54,152001
06/13/2026 23:49:22,152004
06/13/2026 23:49:50,152007
06/13/2026 23:50:18,152009
06/13/2026 23:50:46,152012
06/13/2026 23:51:16,152015
06/13/2026 23:51:45,152018
06/13/2026 23:52:14,152020
06/13/2026 23:52:43,152023
06/13/2026 23:53:12,152026
06/13/2026 23:53:41,152029
06/13/2026 23:54:10,152032
06/13/2026 23:54:39,152035
06/13/2026 23:55:08,152039
06/13/2026 23:55:37,152042
06/13/2026 23:56:06,152045
06/13/2026 23:56:33,152049
06/13/2026 23:57:01,152052
06/13/2026 23:57:30,152056
06/13/2026 23:58:00,152059
06/13/2026 23:58:28,152063
06/13/2026 23:58:57,152067
06/13/2026 23:59:27,152071
06/13/2026 23:59:56,152075
06/14/2026 00:00:25,152078
06/14/2026 00:00:53,152082
06/14/2026 00:01:22,152086
06/14/2026 00:01:51,152090
06/14/2026 00:02:19,152094
06/14/2026 00:02:48,152098
06/14/2026 00:03:17,152102
06/14/2026 00:03:45,152106
06/14/2026 00:04:14,152110
06/14/2026 00:04:43,152114
06/14/2026 00:05:12,152118
06/14/2026 00:05:41,152122
06/14/2026 00:06:10,152126
06/14/2026 00:06:38,152131
06/14/2026 00:07:07,152135
06/14/2026 00:07:36,152139
06/14/2026 00:08:05,152143
06/14/2026 00:08:34,152148
06/14/2026 00:09:03,152152
06/14/2026 00:09:32,152156
06/14/2026 00:10:02,152161
06/14/2026 00:10:31,152165
06/14/2026 00:11:00,152170
06/14/2026 00:11:29,152174
06/14/2026 00:11:59,152179
06/14/2026 00:12:29,152183
06/14/2026 00:12:58,152188
06/14/2026 00:13:27,152192
06/14/2026 00:13:56,152196
06/14/2026 00:14:26,152201
06/14/2026 00:14:54,152205
06/14/2026 00:15:23,152210
06/14/2026 00:15:52,152214
06/14/2026 00:16:20,152218
06/14/2026 00:16:48,152223
06/14/2026 00:17:16,152227
06/14/2026 00:17:46,152231
06/14/2026 00:18:15,152235
06/14/2026 00:18:44,152239
06/14/2026 00:19:13,152243
06/14/2026 00:19:43,152247
06/14/2026 00:20:12,152251
06/14/2026 00:20:41,152255
06/14/2026 00:21:10,152258
06/14/2026 00:21:38,152261
06/14/2026 00:22:06,152265
06/14/2026 00:22:35,152268
06/14/2026 00:23:04,152271
06/14/2026 00:23:32,152274
06/14/2026 00:24:00,152277
06/14/2026 00:24:29,152280
06/14/2026 00:24:57,152283
06/14/2026 00:25:26,152286
06/14/2026 00:25:55,152290
06/14/2026 00:26:23,152293
06/14/2026 00:26:51,152296
06/14/2026 00:27:21,152299
06/14/2026 00:27:49,152302
06/14/2026 00:28:18,152306
06/14/2026 00:28:48,152310
06/14/2026 00:29:18,152314
06/14/2026 00:29:48,152317
06/14/2026 00:30:17,152321
06/14/2026 00:30:45,152325
06/14/2026 00:31:13,152329
06/14/2026 00:31:42,152333
06/14/2026 00:32:10,152337
06/14/2026 00:32:40,152341
06/14/2026 00:33:10,152345
06/14/2026 00:33:40,152350
06/14/2026 00:34:09,152354
06/14/2026 00:34:38,152358
06/14/2026 00:35:07,152363
06/14/2026 00:35:35,152367
06/14/2026 00:36:05,152371
06/14/2026 00:36:34,152376
06/14/2026 00:37:04,152380
06/14/2026 00:37:33,152385
06/14/2026 00:38:02,152389
06/14/2026 00:38:31,152394
06/14/2026 00:38:59,152398
06/14/2026 00:39:27,152403
06/14/2026 00:39:56,152407
06/14/2026 00:40:25,152412
06/14/2026 00:40:53,152416
06/14/2026 00:41:22,152420
06/14/2026 00:41:51,152425
06/14/2026 00:42:19,152429
06/14/2026 00:42:48,152434
06/14/2026 00:43:16,152439
06/14/2026 00:43:46,152444
06/14/2026 00:44:16,152448
06/14/2026 00:44:45,152453
06/14/2026 00:45:15,152458
06/14/2026 00:45:43,152463
06/14/2026 00:46:12,152468
06/14/2026 00:46:41,152473
06/14/2026 00:47:09,152478
06/14/2026 00:47:38,152482
06/14/2026 00:48:06,152487
06/14/2026 00:48:35,152492
06/14/2026 00:49:03,152497
06/14/2026 00:49:32,152501
06/14/2026 00:50:00,152506
06/14/2026 00:50:29,152516
06/14/2026 00:50:59,152520
06/14/2026 00:51:28,152525
06/14/2026 00:51:57,152529
06/14/2026 00:52:25,152533
06/14/2026 00:52:53,152537
06/14/2026 00:53:22,152541
06/14/2026 00:53:51,152545
06/14/2026 00:54:18,152549
06/14/2026 00:54:48,152552
06/14/2026 00:55:17,152556
06/14/2026 00:55:46,152559
06/14/2026 00:56:15,152563
06/14/2026 00:56:44,152566
06/14/2026 00:57:14,152569
06/14/2026 00:57:44,152573
06/14/2026 00:58:12,152576
06/14/2026 00:58:40,152579
06/14/2026 00:59:10,152582
06/14/2026 00:59:39,152585
06/14/2026 01:00:08,152588
06/14/2026 01:00:36,152591
06/14/2026 01:01:06,152595
06/14/2026 01:01:35,152598
06/14/2026 01:02:05,152602
06/14/2026 01:02:33,152605
06/14/2026 01:03:01,152609
06/14/2026 01:03:31,152613
06/14/2026 01:04:00,152617
06/14/2026 01:04:28,152620
06/14/2026 01:04:57,152624
06/14/2026 01:05:25,152628
06/14/2026 01:05:54,152632
06/14/2026 01:06:22,152636
06/14/2026 01:06:51,152640
06/14/2026 01:07:19,152644
06/14/2026 01:07:48,152648
06/14/2026 01:08:17,152652
06/14/2026 01:08:46,152656
06/14/2026 01:09:15,152661
06/14/2026 01:09:43,152665
06/14/2026 01:10:13,152669
06/14/2026 01:10:41,152673
06/14/2026 01:11:10,152678
06/14/2026 01:11:39,152682
06/14/2026 01:12:08,152686
06/14/2026 01:12:38,152691
06/14/2026 01:13:07,152696
06/14/2026 01:13:38,152700
06/14/2026 01:14:07,152705
06/14/2026 01:14:38,152710
06/14/2026 01:15:07,152715
06/14/2026 01:15:37,152720
06/14/2026 01:16:06,152724
06/14/2026 01:16:35,152729
06/14/2026 01:17:05,152734
06/14/2026 01:17:35,152739
06/14/2026 01:18:05,152745
06/14/2026 01:18:36,152750
06/14/2026 01:19:06,152755
06/14/2026 01:19:36,152760
06/14/2026 01:20:05,152765
06/14/2026 01:20:35,152771
06/14/2026 01:21:04,152776
06/14/2026 01:21:35,152781
06/14/2026 01:22:04,152786
06/14/2026 01:22:33,152791
06/14/2026 01:23:03,152796
06/14/2026 01:23:32,152801
06/14/2026 01:24:02,152806
06/14/2026 01:24:32,152812
06/14/2026 01:25:02,152817
06/14/2026 01:25:32,152821
06/14/2026 01:26:02,152826
06/14/2026 01:26:32,152831
06/14/2026 01:27:03,152835
06/14/2026 01:27:33,152840
06/14/2026 01:28:02,152844
06/14/2026 01:28:32,152848
06/14/2026 01:29:02,152852
06/14/2026 01:29:32,152856
06/14/2026 01:30:01,152859
06/14/2026 01:30:30,152863
06/14/2026 01:30:59,152867
06/14/2026 01:31:27,152870
06/14/2026 01:31:57,152874
06/14/2026 01:32:26,152877
06/14/2026 01:32:57,152881
06/14/2026 01:33:28,152885
06/14/2026 01:33:58,152888
06/14/2026 01:34:27,152892
06/14/2026 01:34:56,152895
06/14/2026 01:35:26,152899
06/14/2026 01:35:56,152903
06/14/2026 01:36:27,152906
06/14/2026 01:36:57,152910
06/14/2026 01:37:27,152914
06/14/2026 01:37:57,152919
06/14/2026 01:38:26,152923
06/14/2026 01:38:55,152927
06/14/2026 01:39:26,152931
06/14/2026 01:39:54,152935
06/14/2026 01:40:24,152940
06/14/2026 01:40:54,152944
06/14/2026 01:41:23,152949
06/14/2026 01:41:52,152954
06/14/2026 01:42:21,152958
06/14/2026 01:42:49,152963
06/14/2026 01:43:17,152967
06/14/2026 01:43:46,152972
06/14/2026 01:44:15,152977
06/14/2026 01:44:43,152982
06/14/2026 01:45:11,152986
06/14/2026 01:45:40,152991
06/14/2026 01:46:09,152996
06/14/2026 01:46:37,153001
06/14/2026 01:47:06,153006
06/14/2026 01:47:35,153011
06/14/2026 01:48:03,153016
06/14/2026 01:48:32,153021
06/14/2026 01:49:00,153026
06/14/2026 01:49:28,153031
06/14/2026 01:49:55,153036
06/14/2026 01:50:23,153041
06/14/2026 01:50:52,153046
06/14/2026 01:51:20,153051
06/14/2026 01:51:49,153056
06/14/2026 01:52:18,153061
06/14/2026 01:52:47,153066
06/14/2026 01:53:15,153071
06/14/2026 01:53:43,153076
06/14/2026 01:54:11,153081
06/14/2026 01:54:39,153086
06/14/2026 01:55:08,153091
06/14/2026 01:55:37,153096
06/14/2026 01:56:06,153101
06/14/2026 01:56:34,153106
06/14/2026 01:57:02,153111
06/14/2026 01:57:30,153116
06/14/2026 01:57:58,153120
06/14/2026 01:58:26,153125
06/14/2026 01:58:54,153130
06/14/2026 01:59:21,153134
06/14/2026 01:59:50,153138
06/14/2026 02:00:19,153143
06/14/2026 02:00:48,153147
06/14/2026 02:01:17,153151
06/14/2026 02:01:45,153155
06/14/2026 02:02:12,153159
06/14/2026 02:02:41,153163
06/14/2026 02:03:09,153166
06/14/2026 02:03:38,153170
06/14/2026 02:04:06,153173
06/14/2026 02:04:34,153177
06/14/2026 02:05:03,153180
06/14/2026 02:05:32,153184
06/14/2026 02:06:00,153187
06/14/2026 02:06:29,153191
06/14/2026 02:06:58,153194
06/14/2026 02:07:27,153198
06/14/2026 02:07:56,153201
06/14/2026 02:08:24,153204
06/14/2026 02:08:53,153207
06/14/2026 02:09:22,153211
06/14/2026 02:09:52,153215
06/14/2026 02:10:21,153218
06/14/2026 02:10:49,153222
06/14/2026 02:11:17,153226
06/14/2026 02:11:45,153230
06/14/2026 02:12:14,153234
06/14/2026 02:12:43,153238
06/14/2026 02:13:12,153242
06/14/2026 02:13:42,153246
06/14/2026 02:14:11,153251
06/14/2026 02:14:39,153255
06/14/2026 02:15:07,153259
06/14/2026 02:15:36,153264
06/14/2026 02:16:05,153268
06/14/2026 02:16:34,153273
06/14/2026 02:17:03,153278
06/14/2026 02:17:31,153282
06/14/2026 02:17:59,153287
06/14/2026 02:18:27,153291
06/14/2026 02:18:56,153296
06/14/2026 02:19:24,153301
06/14/2026 02:19:52,153306
06/14/2026 02:20:20,153311
06/14/2026 02:20:49,153315
06/14/2026 02:21:19,153320
06/14/2026 02:21:48,153326
06/14/2026 02:22:17,153331
06/14/2026 02:22:45,153336
06/14/2026 02:23:14,153341
06/14/2026 02:23:43,153346
06/14/2026 02:24:13,153351
06/14/2026 02:24:42,153357
06/14/2026 02:25:11,153362
06/14/2026 02:25:39,153368
06/14/2026 02:26:09,153373
06/14/2026 02:26:38,153378
06/14/2026 02:27:06,153383
06/14/2026 02:27:37,153389
06/14/2026 02:28:06,153394
06/14/2026 02:28:36,153400
06/14/2026 02:29:05,153405
06/14/2026 02:29:35,153410
06/14/2026 02:30:04,153416
06/14/2026 02:30:34,153421
06/14/2026 02:31:03,153426
06/14/2026 02:31:32,153431
06/14/2026 02:32:01,153435
06/14/2026 02:32:29,153440
06/14/2026 02:32:58,153445
06/14/2026 02:33:26,153449
06/14/2026 02:33:56,153454
06/14/2026 02:34:24,153458
06/14/2026 02:34:52,153463
06/14/2026 02:35:20,153467
06/14/2026 02:35:49,153471
06/14/2026 02:36:18,153475
06/14/2026 02:36:46,153479
06/14/2026 02:37:14,153483
06/14/2026 02:37:44,153487
06/14/2026 02:38:12,153491
06/14/2026 02:38:41,153495
06/14/2026 02:39:09,153499
06/14/2026 02:39:37,153502
06/14/2026 02:40:05,153506
06/14/2026 02:40:34,153510
06/14/2026 02:41:02,153513
06/14/2026 02:41:31,153517
06/14/2026 02:42:00,153521
06/14/2026 02:42:28,153524
06/14/2026 02:42:57,153528
06/14/2026 02:43:25,153532
06/14/2026 02:43:54,153536
06/14/2026 02:44:22,153540
06/14/2026 02:44:51,153543
06/14/2026 02:45:19,153548
06/14/2026 02:45:48,153552
06/14/2026 02:46:15,153556
06/14/2026 02:46:43,153560
06/14/2026 02:47:12,153565
06/14/2026 02:47:41,153570
06/14/2026 02:48:09,153574
06/14/2026 02:48:37,153579
06/14/2026 02:49:06,153584
06/14/2026 02:49:35,153589
06/14/2026 02:50:03,153594
06/14/2026 02:50:31,153599
06/14/2026 02:51:00,153604
06/14/2026 02:51:29,153609
06/14/2026 02:51:58,153614
06/14/2026 02:52:26,153619
06/14/2026 02:52:56,153625
06/14/2026 02:53:26,153631
06/14/2026 02:53:55,153636
06/14/2026 02:54:23,153642
06/14/2026 02:54:53,153648
06/14/2026 02:55:22,153653
06/14/2026 02:55:53,153659
06/14/2026 02:56:21,153665
06/14/2026 02:56:50,153671
06/14/2026 02:57:19,153676
06/14/2026 02:57:49,153682
06/14/2026 02:58:19,153688
06/14/2026 02:58:48,153694
06/14/2026 02:59:17,153700
06/14/2026 02:59:46,153705
06/14/2026 03:00:15,153710
06/14/2026 03:00:44,153716
06/14/2026 03:01:12,153721
06/14/2026 03:01:41,153727
06/14/2026 03:02:10,153732
06/14/2026 03:02:39,153737
06/14/2026 03:03:08,153743
06/14/2026 03:03:37,153748
06/14/2026 03:04:06,153753
06/14/2026 03:04:35,153758
06/14/2026 03:05:04,153763
06/14/2026 03:05:33,153768
06/14/2026 03:06:02,153773
06/14/2026 03:06:31,153778
06/14/2026 03:07:00,153783
06/14/2026 03:07:28,153788
06/14/2026 03:07:56,153793
06/14/2026 03:08:25,153797
06/14/2026 03:08:54,153802
06/14/2026 03:09:24,153807
06/14/2026 03:09:53,153811
06/14/2026 03:10:23,153816
06/14/2026 03:10:52,153821
06/14/2026 03:11:22,153825
06/14/2026 03:11:52,153830
06/14/2026 03:12:22,153834
06/14/2026 03:12:51,153839
06/14/2026 03:13:21,153843
06/14/2026 03:13:50,153847
06/14/2026 03:14:19,153851
06/14/2026 03:14:49,153855
06/14/2026 03:15:18,153860
06/14/2026 03:15:48,153864
06/14/2026 03:16:18,153868
06/14/2026 03:16:48,153872
06/14/2026 03:17:19,153876
06/14/2026 03:17:48,153880
06/14/2026 03:18:19,153884
06/14/2026 03:18:48,153888
06/14/2026 03:19:18,153892
06/14/2026 03:19:47,153897
06/14/2026 03:20:17,153901
06/14/2026 03:20:47,153905
06/14/2026 03:21:16,153910
06/14/2026 03:21:46,153914
06/14/2026 03:22:16,153919
06/14/2026 03:22:46,153924
06/14/2026 03:23:15,153929
06/14/2026 03:23:44,153933
06/14/2026 03:24:14,153938
06/14/2026 03:24:44,153943
06/14/2026 03:25:14,153949
06/14/2026 03:25:45,153954
06/14/2026 03:26:14,153959
06/14/2026 03:26:44,153964
06/14/2026 03:27:13,153969
06/14/2026 03:27:42,153974
06/14/2026 03:28:12,153980
06/14/2026 03:28:42,153985
06/14/2026 03:29:12,153991
06/14/2026 03:29:41,153996
06/14/2026 03:30:11,154001
06/14/2026 03:30:40,154007
06/14/2026 03:31:10,154012
06/14/2026 03:31:39,154018
06/14/2026 03:32:09,154023
06/14/2026 03:32:38,154029
06/14/2026 03:33:08,154034
06/14/2026 03:33:37,154040
06/14/2026 03:34:06,154045
06/14/2026 03:34:36,154051
06/14/2026 03:35:05,154056
06/14/2026 03:35:34,154062
06/14/2026 03:36:02,154067
06/14/2026 03:36:30,154072
06/14/2026 03:36:59,154077
06/14/2026 03:37:27,154083
06/14/2026 03:37:55,154087
06/14/2026 03:38:23,154092
06/14/2026 03:38:51,154097
06/14/2026 03:39:20,154102
06/14/2026 03:39:48,154107
06/14/2026 03:40:17,154111
06/14/2026 03:40:46,154116
06/14/2026 03:41:14,154121
06/14/2026 03:41:43,154125
06/14/2026 03:42:11,154130
06/14/2026 03:42:40,154134
06/14/2026 03:43:08,154138
06/14/2026 03:43:36,154142
06/14/2026 03:44:04,154146
06/14/2026 03:44:32,154150
06/14/2026 03:45:00,154154
06/14/2026 03:45:29,154158
06/14/2026 03:45:58,154162
06/14/2026 03:46:26,154166
06/14/2026 03:46:54,154170
06/14/2026 03:47:23,154174
06/14/2026 03:47:50,154178
06/14/2026 03:48:19,154181
06/14/2026 03:48:47,154185
06/14/2026 03:49:16,154189
06/14/2026 03:49:45,154193
06/14/2026 03:50:14,154196
06/14/2026 03:50:43,154200
06/14/2026 03:51:12,154204
06/14/2026 03:51:40,154208
06/14/2026 03:52:09,154211
06/14/2026 03:52:37,154215
06/14/2026 03:53:05,154219
06/14/2026 03:53:34,154223
06/14/2026 03:54:02,154227
06/14/2026 03:54:30,154231
06/14/2026 03:54:58,154235
06/14/2026 03:55:27,154240
06/14/2026 03:55:56,154244
06/14/2026 03:56:25,154248
06/14/2026 03:56:55,154252
06/14/2026 03:57:23,154257
06/14/2026 03:57:52,154261
06/14/2026 03:58:20,154266
06/14/2026 03:58:50,154271
06/14/2026 03:59:19,154276
06/14/2026 03:59:47,154281
06/14/2026 04:00:16,154285
06/14/2026 04:00:44,154290
06/14/2026 04:01:13,154295
06/14/2026 04:01:41,154300
06/14/2026 04:02:10,154305
06/14/2026 04:02:38,154310
06/14/2026 04:03:07,154315
06/14/2026 04:03:35,154320
06/14/2026 04:04:04,154325
06/14/2026 04:04:33,154330
06/14/2026 04:05:02,154335
06/14/2026 04:05:31,154340
06/14/2026 04:05:59,154351
06/14/2026 04:06:28,154356
06/14/2026 04:06:57,154361
06/14/2026 04:07:26,154366
06/14/2026 04:07:55,154372
06/14/2026 04:08:24,154377
06/14/2026 04:08:53,154382
06/14/2026 04:09:22,154387
06/14/2026 04:09:50,154393
06/14/2026 04:10:18,154398
06/14/2026 04:10:47,154403
06/14/2026 04:11:16,154408
06/14/2026 04:11:44,154413
06/14/2026 04:12:14,154419
06/14/2026 04:12:43,154424
06/14/2026 04:13:11,154429
06/14/2026 04:13:41,154434
06/14/2026 04:14:09,154439
06/14/2026 04:14:38,154444
06/14/2026 04:15:07,154448
06/14/2026 04:15:35,154453
06/14/2026 04:16:04,154457
06/14/2026 04:16:32,154462
06/14/2026 04:17:01,154466
06/14/2026 04:17:29,154470
06/14/2026 04:17:58,154474
06/14/2026 04:18:26,154478
06/14/2026 04:18:55,154482
06/14/2026 04:19:24,154485
06/14/2026 04:19:53,154489
06/14/2026 04:20:22,154492
06/14/2026 04:20:51,154496
06/14/2026 04:21:19,154499
06/14/2026 04:21:48,154503
06/14/2026 04:22:18,154506
06/14/2026 04:22:47,154510
06/14/2026 04:23:16,154513
06/14/2026 04:23:46,154516
06/14/2026 04:24:14,154520
06/14/2026 04:24:43,154523
06/14/2026 04:25:11,154526
06/14/2026 04:25:39,154529
06/14/2026 04:26:08,154533
06/14/2026 04:26:37,154536
06/14/2026 04:27:06,154540
06/14/2026 04:27:36,154544
06/14/2026 04:28:05,154547
06/14/2026 04:28:34,154551
06/14/2026 04:29:02,154555
06/14/2026 04:29:31,154559
06/14/2026 04:30:00,154563
06/14/2026 04:30:29,154567
06/14/2026 04:30:58,154571
06/14/2026 04:31:27,154576
06/14/2026 04:31:55,154580
06/14/2026 04:32:23,154584
06/14/2026 04:32:52,154588
06/14/2026 04:33:21,154593
06/14/2026 04:33:49,154597
06/14/2026 04:34:18,154602
06/14/2026 04:34:47,154606
06/14/2026 04:35:16,154611
06/14/2026 04:35:46,154616
06/14/2026 04:36:14,154620
06/14/2026 04:36:43,154625
06/14/2026 04:37:12,154629
06/14/2026 04:37:42,154634
06/14/2026 04:38:11,154639
06/14/2026 04:38:41,154644
06/14/2026 04:39:10,154649
06/14/2026 04:39:40,154654
06/14/2026 04:40:10,154659
06/14/2026 04:40:39,154664
06/14/2026 04:41:09,154669
06/14/2026 04:41:37,154674
06/14/2026 04:42:06,154679
06/14/2026 04:42:34,154683
06/14/2026 04:43:03,154688
06/14/2026 04:43:32,154693
06/14/2026 04:44:00,154698
06/14/2026 04:44:30,154703
06/14/2026 04:44:59,154707
06/14/2026 04:45:28,154712
06/14/2026 04:45:56,154717
06/14/2026 04:46:26,154722
06/14/2026 04:46:55,154726
06/14/2026 04:47:24,154731
06/14/2026 04:47:53,154736
06/14/2026 04:48:21,154740
06/14/2026 04:48:51,154744
06/14/2026 04:49:20,154748
06/14/2026 04:49:49,154753
06/14/2026 04:50:18,154757
06/14/2026 04:50:47,154761
06/14/2026 04:51:17,154764
06/14/2026 04:51:45,154768
06/14/2026 04:52:14,154771
06/14/2026 04:52:43,154775
06/14/2026 04:53:12,154778
06/14/2026 04:53:41,154782
06/14/2026 04:54:10,154785
06/14/2026 04:54:39,154788
06/14/2026 04:55:07,154792
06/14/2026 04:55:36,154795
06/14/2026 04:56:05,154799
06/14/2026 04:56:34,154802
06/14/2026 04:57:03,154805
06/14/2026 04:57:32,154809
06/14/2026 04:58:02,154813
06/14/2026 04:58:32,154817
06/14/2026 04:59:01,154821
06/14/2026 04:59:29,154824
06/14/2026 04:59:59,154828
06/14/2026 05:00:28,154832
06/14/2026 05:00:57,154836
06/14/2026 05:01:25,154840
06/14/2026 05:01:54,154844
06/14/2026 05:02:24,154849
06/14/2026 05:02:52,154853
06/14/2026 05:03:21,154857
06/14/2026 05:03:50,154862
06/14/2026 05:04:20,154866
06/14/2026 05:04:49,154870
06/14/2026 05:05:18,154875
06/14/2026 05:05:47,154879
06/14/2026 05:06:15,154884
06/14/2026 05:06:44,154888
06/14/2026 05:07:12,154893
06/14/2026 05:07:41,154897
06/14/2026 05:08:10,154902
06/14/2026 05:08:39,154906
06/14/2026 05:09:08,154911
06/14/2026 05:09:36,154916
06/14/2026 05:10:06,154920
06/14/2026 05:10:35,154925
06/14/2026 05:11:03,154929
06/14/2026 05:11:32,154934
06/14/2026 05:12:01,154939
06/14/2026 05:12:31,154944
06/14/2026 05:12:59,154949
06/14/2026 05:13:28,154953
06/14/2026 05:13:56,154958
06/14/2026 05:14:24,154963
06/14/2026 05:14:52,154967
06/14/2026 05:15:20,154972
06/14/2026 05:15:48,154977
06/14/2026 05:16:16,154981
06/14/2026 05:16:44,154986
06/14/2026 05:17:13,154991
06/14/2026 05:17:41,154996
06/14/2026 05:18:10,155001
06/14/2026 05:18:39,155005
06/14/2026 05:19:08,155010
06/14/2026 05:19:37,155015
06/14/2026 05:20:06,155020
06/14/2026 05:20:35,155025
06/14/2026 05:21:05,155030
06/14/2026 05:21:33,155035
06/14/2026 05:22:00,155039
06/14/2026 05:22:29,155044
06/14/2026 05:22:57,155048
06/14/2026 05:23:25,155052
06/14/2026 05:23:54,155057
06/14/2026 05:24:22,155061
06/14/2026 05:24:51,155065
06/14/2026 05:25:20,155069
06/14/2026 05:25:48,155073
06/14/2026 05:26:17,155077
06/14/2026 05:26:45,155080
06/14/2026 05:27:13,155084
06/14/2026 05:27:42,155088
06/14/2026 05:28:11,155091
06/14/2026 05:28:39,155095
06/14/2026 05:29:07,155098
06/14/2026 05:29:35,155102
06/14/2026 05:30:03,155105
06/14/2026 05:30:31,155109
06/14/2026 05:30:59,155112
06/14/2026 05:31:27,155115
06/14/2026 05:31:55,155119
06/14/2026 05:32:23,155122
06/14/2026 05:32:51,155126
06/14/2026 05:33:20,155129
06/14/2026 05:33:48,155133
06/14/2026 05:34:15,155137
06/14/2026 05:34:42,155140
06/14/2026 05:35:11,155144
06/14/2026 05:35:39,155148
06/14/2026 05:36:06,155152
06/14/2026 05:36:33,155156
06/14/2026 05:37:02,155161
06/14/2026 05:37:30,155165
06/14/2026 05:37:58,155169
06/14/2026 05:38:26,155173
06/14/2026 05:38:53,155178
06/14/2026 05:39:22,155182
06/14/2026 05:39:50,155187
06/14/2026 05:40:18,155191
06/14/2026 05:40:47,155196
06/14/2026 05:41:15,155200
06/14/2026 05:41:42,155205
06/14/2026 05:42:11,155209
06/14/2026 05:42:39,155214
06/14/2026 05:43:07,155219
06/14/2026 05:43:36,155224
06/14/2026 05:44:04,155228
06/14/2026 05:44:32,155233
06/14/2026 05:44:58,155238
06/14/2026 05:45:26,155242
06/14/2026 05:45:54,155247
06/14/2026 05:46:21,155252
06/14/2026 05:46:48,155256
06/14/2026 05:47:15,155261
06/14/2026 05:47:43,155266
06/14/2026 05:48:10,155270
06/14/2026 05:48:37,155275
06/14/2026 05:49:05,155279
06/14/2026 05:49:32,155284
06/14/2026 05:50:00,155289
06/14/2026 05:50:27,155294
06/14/2026 05:50:55,155298
06/14/2026 05:51:24,155303
06/14/2026 05:51:52,155308
06/14/2026 05:52:19,155313
06/14/2026 05:52:46,155317
06/14/2026 05:53:14,155322
06/14/2026 05:53:42,155326
06/14/2026 05:54:11,155331
06/14/2026 05:54:38,155335
06/14/2026 05:55:07,155340
06/14/2026 05:55:35,155344
06/14/2026 05:56:03,155349
06/14/2026 05:56:31,155353
06/14/2026 05:56:59,155357
06/14/2026 05:57:26,155361
06/14/2026 05:57:53,155365
06/14/2026 05:58:21,155369
06/14/2026 05:58:49,155373
06/14/2026 05:59:16,155377
06/14/2026 05:59:45,155380
06/14/2026 06:00:13,155384
06/14/2026 06:00:41,155388
06/14/2026 06:01:10,155391
06/14/2026 06:01:37,155395
06/14/2026 06:02:05,155398
06/14/2026 06:02:34,155402
06/14/2026 06:03:01,155405
06/14/2026 06:03:29,155408
06/14/2026 06:03:55,155411
06/14/2026 06:04:22,155415
06/14/2026 06:04:49,155418
06/14/2026 06:05:17,155421
06/14/2026 06:05:45,155425
06/14/2026 06:06:14,155428
06/14/2026 06:06:42,155431
06/14/2026 06:07:09,155435
06/14/2026 06:07:37,155438
06/14/2026 06:08:05,155442
06/14/2026 06:08:32,155445
06/14/2026 06:09:00,155449
06/14/2026 06:09:28,155453
06/14/2026 06:09:57,155457
06/14/2026 06:10:24,155460
06/14/2026 06:10:52,155464
06/14/2026 06:11:20,155468
06/14/2026 06:11:48,155472
06/14/2026 06:12:17,155476
06/14/2026 06:12:45,155480
06/14/2026 06:13:12,155484
06/14/2026 06:13:40,155488
06/14/2026 06:14:09,155492
06/14/2026 06:14:37,155497
06/14/2026 06:15:04,155501
06/14/2026 06:15:33,155505
06/14/2026 06:16:01,155509
06/14/2026 06:16:29,155514
06/14/2026 06:16:56,155518
06/14/2026 06:17:23,155523
06/14/2026 06:17:52,155527
06/14/2026 06:18:20,155531
06/14/2026 06:18:48,155536
06/14/2026 06:19:15,155541
06/14/2026 06:19:44,155545
06/14/2026 06:20:12,155550
06/14/2026 06:20:41,155554
06/14/2026 06:21:09,155559
06/14/2026 06:21:37,155564
06/14/2026 06:22:05,155568
06/14/2026 06:22:32,155573
06/14/2026 06:23:00,155577
06/14/2026 06:23:28,155582
06/14/2026 06:23:57,155587
06/14/2026 06:24:24,155592
06/14/2026 06:24:53,155596
06/14/2026 06:25:20,155601
06/14/2026 06:25:48,155605
06/14/2026 06:26:16,155610
06/14/2026 06:26:44,155615
06/14/2026 06:27:12,155619
06/14/2026 06:27:41,155624
06/14/2026 06:28:10,155628
06/14/2026 06:28:38,155632
06/14/2026 06:29:07,155637
06/14/2026 06:29:35,155641
06/14/2026 06:30:04,155644
06/14/2026 06:30:32,155648
06/14/2026 06:31:00,155652
06/14/2026 06:31:29,155655
06/14/2026 06:31:56,155659
06/14/2026 06:32:25,155662
06/14/2026 06:32:53,155665
06/14/2026 06:33:22,155668
06/14/2026 06:33:50,155671
06/14/2026 06:34:18,155674
06/14/2026 06:34:46,155677
06/14/2026 06:35:14,155680
06/14/2026 06:35:42,155683
06/14/2026 06:36:11,155686
06/14/2026 06:36:39,155689
06/14/2026 06:37:08,155692
06/14/2026 06:37:35,155695
06/14/2026 06:38:03,155699
06/14/2026 06:38:31,155702
06/14/2026 06:38:59,155706
06/14/2026 06:39:28,155709
06/14/2026 06:39:56,155713
06/14/2026 06:40:24,155717
06/14/2026 06:40:52,155720
06/14/2026 06:41:21,155724
06/14/2026 06:41:48,155728
06/14/2026 06:42:17,155732
06/14/2026 06:42:44,155736
06/14/2026 06:43:12,155740
06/14/2026 06:43:40,155744
06/14/2026 06:44:07,155748
06/14/2026 06:44:35,155752
06/14/2026 06:45:03,155756
06/14/2026 06:45:31,155760
06/14/2026 06:45:59,155764
06/14/2026 06:46:27,155768
06/14/2026 06:46:54,155772
06/14/2026 06:47:22,155776
06/14/2026 06:47:50,155780
06/14/2026 06:48:17,155784
06/14/2026 06:48:45,155789
06/14/2026 06:49:13,155793
06/14/2026 06:49:41,155797
06/14/2026 06:50:08,155801
06/14/2026 06:50:37,155805
06/14/2026 06:51:06,155810
06/14/2026 06:51:34,155814
06/14/2026 06:52:03,155819
06/14/2026 06:52:31,155823
06/14/2026 06:52:58,155827
06/14/2026 06:53:25,155831
06/14/2026 06:53:53,155836
06/14/2026 06:54:21,155840
06/14/2026 06:54:49,155844
06/14/2026 06:55:17,155849
06/14/2026 06:55:46,155853
06/14/2026 06:56:14,155858
06/14/2026 06:56:42,155862
06/14/2026 06:57:09,155866
06/14/2026 06:57:37,155870
06/14/2026 06:58:05,155875
06/14/2026 06:58:33,155879
06/14/2026 06:59:00,155884
06/14/2026 06:59:29,155888
06/14/2026 06:59:56,155892
06/14/2026 07:00:23,155897
06/14/2026 07:00:52,155901
06/14/2026 07:01:21,155905
06/14/2026 07:01:50,155910
06/14/2026 07:02:17,155914
06/14/2026 07:02:46,155918
06/14/2026 07:03:13,155923
06/14/2026 07:03:41,155927
06/14/2026 07:04:09,155931
06/14/2026 07:04:36,155935
06/14/2026 07:05:03,155939
06/14/2026 07:05:31,155943
06/14/2026 07:06:00,155947
06/14/2026 07:06:29,155951
06/14/2026 07:06:56,155955
06/14/2026 07:07:23,155959
06/14/2026 07:07:51,155962
06/14/2026 07:08:18,155966
06/14/2026 07:08:46,155970
06/14/2026 07:09:14,155973
06/14/2026 07:09:42,155977
06/14/2026 07:10:09,155980
06/14/2026 07:10:37,155984
06/14/2026 07:11:05,155987
06/14/2026 07:11:33,155991
06/14/2026 07:12:00,155994
06/14/2026 07:12:27,155998
06/14/2026 07:12:54,156001
06/14/2026 07:13:23,156004
06/14/2026 07:13:50,156008
06/14/2026 07:14:18,156011
06/14/2026 07:14:47,156015
06/14/2026 07:15:14,156018
06/14/2026 07:15:42,156022
06/14/2026 07:16:09,156025
06/14/2026 07:16:37,156029
06/14/2026 07:17:04,156036
06/14/2026 07:17:32,156040
06/14/2026 07:18:01,156044
06/14/2026 07:18:29,156048
06/14/2026 07:18:56,156052
06/14/2026 07:19:24,156056
06/14/2026 07:19:52,156060
06/14/2026 07:20:20,156064
06/14/2026 07:20:48,156068
06/14/2026 07:21:16,156073
06/14/2026 07:21:45,156077
06/14/2026 07:22:14,156082
06/14/2026 07:22:43,156086
06/14/2026 07:23:12,156091
06/14/2026 07:23:40,156096
06/14/2026 07:24:08,156100
06/14/2026 07:24:36,156105
06/14/2026 07:25:03,156109
06/14/2026 07:25:31,156114
06/14/2026 07:25:59,156119
06/14/2026 07:26:28,156124
06/14/2026 07:26:55,156129
06/14/2026 07:27:24,156134
06/14/2026 07:27:51,156138
06/14/2026 07:28:19,156143
06/14/2026 07:28:47,156148
06/14/2026 07:29:15,156153
06/14/2026 07:29:43,156158
06/14/2026 07:30:11,156163
06/14/2026 07:30:39,156168
06/14/2026 07:31:08,156173
06/14/2026 07:31:37,156178
06/14/2026 07:32:05,156183
06/14/2026 07:32:33,156188
06/14/2026 07:32:59,156193
06/14/2026 07:33:27,156198
06/14/2026 07:33:56,156203
06/14/2026 07:34:23,156208
06/14/2026 07:34:51,156213
06/14/2026 07:35:19,156218
06/14/2026 07:35:47,156223
06/14/2026 07:36:15,156228
06/14/2026 07:36:44,156233
06/14/2026 07:37:11,156237
06/14/2026 07:37:40,156242
06/14/2026 07:38:08,156247
06/14/2026 07:38:37,156252
06/14/2026 07:39:05,156256
06/14/2026 07:39:33,156261
06/14/2026 07:40:01,156265
06/14/2026 07:40:29,156269
06/14/2026 07:40:57,156274
06/14/2026 07:41:24,156277
06/14/2026 07:41:53,156281
06/14/2026 07:42:20,156285
06/14/2026 07:42:49,156289
06/14/2026 07:43:16,156293
06/14/2026 07:43:44,156296
06/14/2026 07:44:12,156300
06/14/2026 07:44:40,156303
06/14/2026 07:45:08,156307
06/14/2026 07:45:36,156310
06/14/2026 07:46:04,156314
06/14/2026 07:46:32,156317
06/14/2026 07:47:01,156321
06/14/2026 07:47:29,156324
06/14/2026 07:47:57,156327
06/14/2026 07:48:26,156331
06/14/2026 07:48:55,156335
06/14/2026 07:49:24,156339
06/14/2026 07:49:52,156342
06/14/2026 07:50:20,156346
06/14/2026 07:50:49,156350
06/14/2026 07:51:17,156354
06/14/2026 07:51:44,156358
06/14/2026 07:52:13,156362
06/14/2026 07:52:41,156367
06/14/2026 07:53:09,156371
06/14/2026 07:53:37,156375
06/14/2026 07:54:05,156380
06/14/2026 07:54:33,156384
06/14/2026 07:55:00,156389
06/14/2026 07:55:29,156394
06/14/2026 07:55:56,156398
06/14/2026 07:56:24,156403
06/14/2026 07:56:51,156407
06/14/2026 07:57:20,156412
06/14/2026 07:57:48,156417
06/14/2026 07:58:16,156422
06/14/2026 07:58:44,156426
06/14/2026 07:59:12,156431
06/14/2026 07:59:39,156436
06/14/2026 08:00:06,156440
06/14/2026 08:00:34,156445
06/14/2026 08:01:02,156450
06/14/2026 08:01:30,156455
06/14/2026 08:01:58,156459
06/14/2026 08:02:26,156464
06/14/2026 08:02:53,156469
06/14/2026 08:03:20,156473
06/14/2026 08:03:48,156478
06/14/2026 08:04:15,156483
06/14/2026 08:04:43,156487
06/14/2026 08:05:12,156492
06/14/2026 08:05:40,156497
06/14/2026 08:06:08,156502
06/14/2026 08:06:36,156507
06/14/2026 08:07:04,156512
06/14/2026 08:07:31,156516
06/14/2026 08:07:59,156521
06/14/2026 08:08:27,156526
06/14/2026 08:08:55,156531
06/14/2026 08:09:23,156536
06/14/2026 08:09:50,156540
06/14/2026 08:10:17,156545
06/14/2026 08:10:45,156549
06/14/2026 08:11:14,156554
06/14/2026 08:11:42,156559
06/14/2026 08:12:10,156563
06/14/2026 08:12:37,156568
06/14/2026 08:13:04,156572
06/14/2026 08:13:31,156576
06/14/2026 08:13:58,156579
06/14/2026 08:14:25,156583
06/14/2026 08:14:52,156587
06/14/2026 08:15:19,156590
06/14/2026 08:15:46,156594
06/14/2026 08:16:12,156597
06/14/2026 08:16:40,156600
06/14/2026 08:17:06,156604
06/14/2026 08:17:33,156607
06/14/2026 08:17:59,156610
06/14/2026 08:18:26,156613
06/14/2026 08:18:53,156616
06/14/2026 08:19:20,156619
06/14/2026 08:19:47,156622
06/14/2026 08:20:14,156625
06/14/2026 08:20:41,156628
06/14/2026 08:21:08,156631
06/14/2026 08:21:34,156634
06/14/2026 08:22:01,156637
06/14/2026 08:22:28,156640
06/14/2026 08:22:55,156643
06/14/2026 08:23:21,156646
06/14/2026 08:23:48,156650
06/14/2026 08:24:15,156653
06/14/2026 08:24:42,156657
06/14/2026 08:25:09,156661
06/14/2026 08:25:36,156664
06/14/2026 08:26:03,156668
06/14/2026 08:26:30,156672
06/14/2026 08:26:57,156676
06/14/2026 08:27:24,156680
06/14/2026 08:27:51,156684
06/14/2026 08:28:18,156688
06/14/2026 08:28:44,156692
06/14/2026 08:29:11,156696
06/14/2026 08:29:38,156700
06/14/2026 08:30:05,156704
06/14/2026 08:30:32,156708
06/14/2026 08:30:59,156713
06/14/2026 08:31:26,156717
06/14/2026 08:31:52,156721
06/14/2026 08:32:20,156725
06/14/2026 08:32:46,156730
06/14/2026 08:33:14,156734
06/14/2026 08:33:40,156738
06/14/2026 08:34:07,156743
06/14/2026 08:34:34,156747
06/14/2026 08:35:00,156751
06/14/2026 08:35:28,156756
06/14/2026 08:35:54,156760
06/14/2026 08:36:23,156765
06/14/2026 08:36:50,156769
06/14/2026 08:37:17,156774
06/14/2026 08:37:44,156779
06/14/2026 08:38:12,156783
06/14/2026 08:38:40,156788
06/14/2026 08:39:07,156792
06/14/2026 08:39:35,156797
06/14/2026 08:40:03,156801
06/14/2026 08:40:30,156806
06/14/2026 08:40:58,156811
06/14/2026 08:41:26,156815
06/14/2026 08:41:53,156819
06/14/2026 08:42:20,156824
06/14/2026 08:42:48,156828
06/14/2026 08:43:15,156832
06/14/2026 08:43:42,156837
06/14/2026 08:44:09,156841
06/14/2026 08:44:38,156845
06/14/2026 08:45:05,156849
06/14/2026 08:45:32,156853
06/14/2026 08:45:59,156857
06/14/2026 08:46:27,156860
06/14/2026 08:46:55,156864
06/14/2026 08:47:22,156868
06/14/2026 08:47:50,156871
06/14/2026 08:48:17,156874
06/14/2026 08:48:45,156878
06/14/2026 08:49:12,156881
06/14/2026 08:49:39,156884
06/14/2026 08:50:07,156887
06/14/2026 08:50:34,156890
06/14/2026 08:51:01,156893
06/14/2026 08:51:28,156896
06/14/2026 08:51:56,156899
06/14/2026 08:52:23,156903
06/14/2026 08:52:50,156906
06/14/2026 08:53:18,156909
06/14/2026 08:53:45,156912
06/14/2026 08:54:13,156915
06/14/2026 08:54:41,156919
06/14/2026 08:55:09,156922
06/14/2026 08:55:37,156925
06/14/2026 08:56:05,156929
06/14/2026 08:56:33,156933
06/14/2026 08:57:01,156936
06/14/2026 08:57:29,156940
06/14/2026 08:57:57,156944
06/14/2026 08:58:24,156948
06/14/2026 08:58:53,156952
06/14/2026 08:59:20,156956
06/14/2026 08:59:49,156960
06/14/2026 09:00:17,156964
06/14/2026 09:00:45,156968
06/14/2026 09:01:12,156972
06/14/2026 09:01:39,156976
06/14/2026 09:02:06,156980
06/14/2026 09:02:35,156984
06/14/2026 09:03:02,156988
06/14/2026 09:03:30,156993
06/14/2026 09:03:57,156997
06/14/2026 09:04:26,157001
06/14/2026 09:04:54,157006
06/14/2026 09:05:21,157010
06/14/2026 09:05:49,157014
06/14/2026 09:06:17,157019
06/14/2026 09:06:45,157023
06/14/2026 09:07:14,157028
06/14/2026 09:07:42,157032
06/14/2026 09:08:09,157037
06/14/2026 09:08:38,157041
06/14/2026 09:09:05,157045
06/14/2026 09:09:32,157050
06/14/2026 09:10:00,157054
06/14/2026 09:10:28,157059
06/14/2026 09:10:56,157063
06/14/2026 09:11:22,157068
06/14/2026 09:11:49,157072
06/14/2026 09:12:16,157077
06/14/2026 09:12:43,157081
06/14/2026 09:13:11,157085
06/14/2026 09:13:37,157090
06/14/2026 09:14:05,157094
06/14/2026 09:14:32,157098
06/14/2026 09:14:59,157103
06/14/2026 09:15:27,157107
06/14/2026 09:15:53,157111
06/14/2026 09:16:20,157116
06/14/2026 09:16:47,157120
06/14/2026 09:17:14,157124
06/14/2026 09:17:41,157128
06/14/2026 09:18:08,157132
06/14/2026 09:18:35,157137
06/14/2026 09:19:02,157140
06/14/2026 09:19:29,157144
06/14/2026 09:19:56,157148
06/14/2026 09:20:23,157152
06/14/2026 09:20:50,157156
06/14/2026 09:21:17,157159
06/14/2026 09:21:44,157163
06/14/2026 09:22:10,157166
06/14/2026 09:22:38,157170
06/14/2026 09:23:05,157173
06/14/2026 09:23:32,157176
06/14/2026 09:23:58,157180
06/14/2026 09:24:25,157183
06/14/2026 09:24:52,157187
06/14/2026 09:25:19,157190
06/14/2026 09:25:46,157193
06/14/2026 09:26:13,157197
06/14/2026 09:26:40,157200
06/14/2026 09:27:07,157203
06/14/2026 09:27:34,157207
06/14/2026 09:28:01,157211
06/14/2026 09:28:28,157214
06/14/2026 09:28:55,157218
06/14/2026 09:29:22,157222
06/14/2026 09:29:49,157225
06/14/2026 09:30:16,157229
06/14/2026 09:30:43,157233
06/14/2026 09:31:11,157238
06/14/2026 09:31:39,157242
06/14/2026 09:32:06,157246
06/14/2026 09:32:33,157251
06/14/2026 09:33:01,157255
06/14/2026 09:33:27,157259
06/14/2026 09:33:55,157264
06/14/2026 09:34:22,157269
06/14/2026 09:34:49,157273
06/14/2026 09:35:16,157278
06/14/2026 09:35:43,157282
06/14/2026 09:36:11,157287
06/14/2026 09:36:38,157292
06/14/2026 09:37:05,157296
06/14/2026 09:37:32,157301
06/14/2026 09:37:59,157306
06/14/2026 09:38:26,157310
06/14/2026 09:38:53,157315
06/14/2026 09:39:20,157320
06/14/2026 09:39:47,157325
06/14/2026 09:40:14,157330
06/14/2026 09:40:41,157334
06/14/2026 09:41:08,157339
06/14/2026 09:41:35,157344
06/14/2026 09:42:03,157349
06/14/2026 09:42:29,157354
06/14/2026 09:42:56,157359
06/14/2026 09:43:22,157364
06/14/2026 09:43:49,157369
06/14/2026 09:44:17,157373
06/14/2026 09:44:43,157378
06/14/2026 09:45:11,157383
06/14/2026 09:45:38,157388
06/14/2026 09:46:05,157393
06/14/2026 09:46:32,157398
06/14/2026 09:46:59,157403
06/14/2026 09:47:26,157407
06/14/2026 09:47:53,157412
06/14/2026 09:48:20,157417
06/14/2026 09:48:47,157421
06/14/2026 09:49:14,157426
06/14/2026 09:49:40,157430
06/14/2026 09:50:08,157434
06/14/2026 09:50:34,157439
06/14/2026 09:51:01,157443
06/14/2026 09:51:29,157447
06/14/2026 09:51:57,157451
06/14/2026 09:52:24,157455
06/14/2026 09:52:51,157459
06/14/2026 09:53:18,157463
06/14/2026 09:53:47,157467
06/14/2026 09:54:15,157471
06/14/2026 09:54:44,157475
06/14/2026 09:55:12,157478
06/14/2026 09:55:40,157482
06/14/2026 09:56:09,157485
06/14/2026 09:56:38,157489
06/14/2026 09:57:06,157493
06/14/2026 09:57:34,157496
06/14/2026 09:58:03,157499
06/14/2026 09:58:30,157503
06/14/2026 09:58:58,157506
06/14/2026 09:59:26,157510
06/14/2026 09:59:56,157513